location_id,month,temperature_2m,precipitation,wind_speed_10m,relative_humidity_2m,surface_pressure,cloud_cover,shortwave_radiation,country,latitude,longitude,elevation_m,hours,elevation_km
bd_chattogram,5,28.493518518518517,1.1851851851851851,3.19591049382716,81.33179012345678,1005.4958333333334,40.57716049382716,249.0354938271605,BD,22.3569,91.7832,9.0,648,0.009
bd_chattogram,6,27.578333333333337,14.54,3.659402777777778,87.78055555555555,1003.4940277777777,84.74722222222222,169.07916666666668,BD,22.3569,91.7832,9.0,720,0.009
bd_chattogram,7,26.951612903225808,31.664516129032258,5.5777688172043005,89.18548387096774,1001.6194892473119,93.87096774193549,143.0201612903226,BD,22.3569,91.7832,9.0,744,0.009
bd_chattogram,8,27.348655913978497,13.574193548387097,4.845712365591398,87.84811827956989,1002.1673387096774,89.93817204301075,175.8790322580645,BD,22.3569,91.7832,9.0,744,0.009
bd_dhaka,5,28.58688271604938,4.614814814814815,2.4514043209876544,81.27006172839506,1003.5638888888889,41.53086419753087,234.04166666666666,BD,23.8103,90.4125,19.0,648,0.019
bd_dhaka,6,28.83375,7.923333333333333,2.7637916666666666,84.87083333333334,1001.1802777777779,74.49861111111112,194.7625,BD,23.8103,90.4125,19.0,720,0.019
bd_dhaka,7,27.732795698924733,18.241935483870968,3.761209677419355,86.6975806451613,999.1486559139785,92.78897849462365,146.4811827956989,BD,23.8103,90.4125,19.0,744,0.019
bd_dhaka,8,28.46666666666667,6.658064516129032,3.3808198924731183,84.35215053763442,999.9991935483871,91.31586021505376,183.80913978494624,BD,23.8103,90.4125,19.0,744,0.019
bd_rangamati,5,28.514197530864198,1.3740740740740742,1.7597376543209875,77.46604938271605,1003.4239197530864,42.92283950617284,239.67746913580248,BD,22.7324,92.2985,29.0,648,0.029
bd_rangamati,6,27.157222222222224,9.29,2.0854583333333334,88.27083333333333,1001.5672222222222,85.86527777777778,162.99027777777778,BD,22.7324,92.2985,29.0,720,0.029
bd_rangamati,7,26.58225806451613,18.541935483870965,2.8654435483870966,89.99731182795699,999.8360215053764,93.41129032258064,139.32392473118279,BD,22.7324,92.2985,29.0,744,0.029
bd_rangamati,8,27.340994623655916,9.351612903225805,2.3931182795698924,87.07795698924731,1000.3194892473118,90.11559139784946,169.26075268817203,BD,22.7324,92.2985,29.0,744,0.029
bd_sajek,5,25.37515432098765,2.0185185185185186,1.6398148148148146,79.18981481481481,958.4683641975308,50.22067901234568,231.8395061728395,BD,23.3819,92.2938,435.0,648,0.435
bd_sajek,6,24.469722222222224,5.63,1.9730694444444443,88.10833333333333,956.4394444444445,85.98611111111111,164.26111111111112,BD,23.3819,92.2938,435.0,720,0.435
bd_sajek,7,24.068145161290325,18.151612903225807,2.395725806451613,90.5497311827957,954.6829301075269,93.86290322580645,142.59005376344086,BD,23.3819,92.2938,435.0,744,0.435
bd_sajek,8,24.725403225806453,11.425806451612903,1.9419892473118279,88.54166666666667,955.3865591397849,90.61693548387096,173.14112903225808,BD,23.3819,92.2938,435.0,744,0.435
bd_sylhet,5,26.222839506172843,19.566666666666663,1.113179012345679,84.91358024691358,1004.4550925925927,62.67901234567901,193.3070987654321,BD,24.8949,91.8687,20.0,648,0.02
bd_sylhet,6,27.08722222222222,30.38666666666667,1.0144722222222222,89.45694444444445,1001.93,86.6875,146.06944444444446,BD,24.8949,91.8687,20.0,720,0.02
bd_sylhet,7,27.48333333333333,34.49354838709677,1.451263440860215,88.09811827956989,1000.209811827957,93.22177419354838,139.92069892473117,BD,24.8949,91.8687,20.0,744,0.02
bd_sylhet,8,27.981182795698924,20.58709677419355,1.2114650537634408,87.08333333333333,1001.0194892473119,91.06586021505376,155.747311827957,BD,24.8949,91.8687,20.0,744,0.02
bt_chele_la,5,5.584413580246913,7.185185185185185,1.223472222222222,85.09567901234568,649.8456790123457,77.94753086419753,234.0185185185185,BT,27.3697,89.3461,3807.0,648,3.807
bt_chele_la,6,8.833472222222223,14.650000000000002,1.123861111111111,86.85694444444445,651.6566666666666,85.37222222222222,206.94583333333333,BT,27.3697,89.3461,3807.0,720,3.807
bt_chele_la,7,9.928897849462366,11.912903225806453,1.0815322580645161,89.3225806451613,652.2043010752689,93.25268817204301,183.53763440860214,BT,27.3697,89.3461,3807.0,744,3.807
bt_chele_la,8,9.803360215053763,8.954838709677421,1.0438575268817205,88.78494623655914,652.9990591397849,92.00940860215054,180.0188172043011,BT,27.3697,89.3461,3807.0,744,3.807
bt_paro,5,15.165895061728396,6.977777777777778,0.8778703703703704,84.86111111111111,779.2342592592593,66.62962962962963,213.10493827160494,BT,27.4287,89.4164,2269.0,648,2.269
bt_paro,6,17.956666666666667,19.386666666666667,0.8585833333333333,86.52222222222223,779.2633333333333,79.89027777777778,180.89444444444445,BT,27.4287,89.4164,2269.0,720,2.269
bt_paro,7,19.000806451612902,17.325806451612905,0.7853225806451613,89.89112903225806,779.1739247311829,91.24193548387096,165.06317204301075,BT,27.4287,89.4164,2269.0,744,2.269
bt_paro,8,18.851747311827957,12.53225806451613,0.7661559139784946,89.59408602150538,780.0850806451614,91.875,167.60752688172042,BT,27.4287,89.4164,2269.0,744,2.269
bt_phuentsholing,5,24.17932098765432,6.377777777777777,0.9402314814814815,81.20216049382717,971.1452160493827,57.22222222222222,191.09876543209876,BT,26.8516,89.3884,323.0,648,0.323
bt_phuentsholing,6,25.367361111111112,22.84333333333333,0.7940972222222222,87.08194444444445,968.6243055555556,72.65277777777777,156.64305555555555,BT,26.8516,89.3884,323.0,720,0.323
bt_phuentsholing,7,25.959811827956987,29.625806451612902,0.9878494623655915,89.0,967.1638440860215,90.40456989247312,152.15591397849462,BT,26.8516,89.3884,323.0,744,0.323
bt_phuentsholing,8,26.395833333333332,15.399999999999999,0.909516129032258,86.88575268817205,968.3065860215054,88.43145161290323,164.1008064516129,BT,26.8516,89.3884,323.0,744,0.323
bt_punakha,5,19.529783950617283,7.9259259259259265,0.8951697530864199,83.07870370370371,873.1395061728396,76.42283950617283,208.89197530864197,BT,27.591,89.8774,1289.0,648,1.289
bt_punakha,6,21.81597222222222,13.463333333333333,0.8598333333333333,85.54583333333333,871.8130555555556,85.27777777777777,180.0625,BT,27.591,89.8774,1289.0,720,1.289
bt_punakha,7,22.607258064516127,12.932258064516128,0.7397311827956989,88.76344086021506,871.5126344086021,92.50672043010752,167.40725806451613,BT,27.591,89.8774,1289.0,744,1.289
bt_punakha,8,22.54516129032258,12.848387096774195,0.7704435483870968,88.13575268817205,872.5954301075269,93.5524193548387,164.42607526881721,BT,27.591,89.8774,1289.0,744,1.289
bt_thimphu,5,14.210030864197531,7.862962962962964,0.915030864197531,84.93827160493827,774.7537037037038,69.90277777777777,220.18827160493828,BT,27.4728,89.6393,2316.0,648,2.316
bt_thimphu,6,17.28875,11.593333333333334,0.86325,86.70694444444445,774.8716666666667,77.50138888888888,190.42222222222222,BT,27.4728,89.6393,2316.0,720,2.316
bt_thimphu,7,18.446908602150536,9.441935483870967,0.7966397849462367,87.47311827956989,775.1646505376344,90.66263440860214,173.90456989247312,BT,27.4728,89.6393,2316.0,744,2.316
bt_thimphu,8,18.330913978494625,7.661290322580645,0.7994354838709677,87.57930107526882,776.0701612903225,90.86424731182795,170.2701612903226,BT,27.4728,89.6393,2316.0,744,2.316
id_berastagi,5,19.91898148148148,9.233333333333334,1.0433333333333334,88.6003086419753,861.8938271604937,86.83333333333333,209.18672839506172,ID,3.1947,98.5089,1401.0,648,1.401
id_berastagi,6,19.31277777777778,11.47,1.0577222222222222,90.725,862.7840277777777,93.59861111111111,185.5375,ID,3.1947,98.5089,1401.0,720,1.401
id_berastagi,7,19.385080645161292,8.01290322580645,1.0278091397849463,88.53360215053763,862.4076612903226,83.70564516129032,207.04435483870967,ID,3.1947,98.5089,1401.0,744,1.401
id_berastagi,8,19.579032258064515,5.529032258064516,1.191989247311828,86.74462365591398,862.8926075268816,85.83064516129032,225.81451612903226,ID,3.1947,98.5089,1401.0,744,1.401
id_medan,5,26.853395061728396,6.777777777777777,1.1257098765432099,87.2746913580247,1006.6569444444443,85.77932098765432,221.81327160493828,ID,3.5952,98.6722,26.0,648,0.026
id_medan,6,26.23972222222222,9.433333333333334,1.1719583333333332,89.06944444444444,1008.0659722222222,91.6138888888889,199.74027777777778,ID,3.5952,98.6722,26.0,720,0.026
id_medan,7,26.40739247311828,5.032258064516129,1.2168951612903225,86.92876344086021,1007.6013440860215,81.47043010752688,217.38978494623655,ID,3.5952,98.6722,26.0,744,0.026
id_medan,8,26.67782258064516,5.5677419354838715,1.179502688172043,86.16397849462365,1008.0141129032259,85.04569892473118,238.002688172043,ID,3.5952,98.6722,26.0,744,0.026
in_anamudi,5,13.587962962962964,10.185185185185185,1.393533950617284,88.11265432098766,745.9976851851852,94.9645061728395,187.4814814814815,IN,10.169,77.0606,2638.0,648,2.638
in_anamudi,6,12.535694444444445,11.0,1.9111111111111112,91.43611111111112,746.3748611111112,96.63888888888889,160.87083333333334,IN,10.169,77.0606,2638.0,720,2.638
in_anamudi,7,12.430510752688171,11.770967741935483,2.173736559139785,89.40053763440861,746.2112903225806,96.59811827956989,191.46370967741936,IN,10.169,77.0606,2638.0,744,2.638
in_anamudi,8,11.90739247311828,20.48064516129032,1.9197177419354838,92.18951612903226,746.5059139784946,96.30376344086021,168.19354838709677,IN,10.169,77.0606,2638.0,744,2.638
in_bengaluru,5,26.21111111111111,2.7074074074074073,2.770493827160494,66.7145061728395,910.5692901234569,73.88271604938272,251.375,IN,12.9716,77.5946,910.0,648,0.91
in_bengaluru,6,23.516388888888887,3.753333333333333,3.704847222222222,79.0,910.8311111111111,85.47777777777777,203.70833333333334,IN,12.9716,77.5946,910.0,720,0.91
in_bengaluru,7,23.27271505376344,2.2290322580645165,4.944502688172043,76.24193548387096,910.2364247311829,93.26612903225806,192.1720430107527,IN,12.9716,77.5946,910.0,744,0.91
in_bengaluru,8,23.06048387096774,2.870967741935484,4.3503091397849465,77.58467741935483,911.2987903225807,91.03629032258064,183.88306451612902,IN,12.9716,77.5946,910.0,744,0.91
in_chennai,5,31.031481481481485,0.9888888888888888,3.636049382716049,68.76234567901234,1004.412962962963,58.074074074074076,250.00617283950618,IN,13.0827,80.2707,12.0,648,0.012
in_chennai,6,31.51138888888889,1.6600000000000001,4.162819444444445,62.919444444444444,1004.5308333333332,75.5875,246.075,IN,13.0827,80.2707,12.0,720,0.012
in_chennai,7,31.143817204301076,1.0419354838709678,4.269879032258064,61.126344086021504,1004.0048387096774,90.77553763440861,213.7768817204301,IN,13.0827,80.2707,12.0,744,0.012
in_chennai,8,30.486962365591395,1.8741935483870968,3.8184543010752687,66.43951612903226,1005.2431451612904,85.02956989247312,231.6008064516129,IN,13.0827,80.2707,12.0,744,0.012
in_coimbatore,5,26.875617283950618,2.0814814814814815,3.261203703703704,74.00925925925925,960.4138888888888,79.32870370370371,226.28858024691357,IN,11.0168,76.9558,431.0,648,0.431
in_coimbatore,6,24.99833333333333,3.23,4.128430555555555,80.63888888888889,961.4181944444445,88.17777777777778,191.73472222222222,IN,11.0168,76.9558,431.0,720,0.431
in_coimbatore,7,25.040188172043013,1.2774193548387098,4.580537634408603,78.09274193548387,960.9932795698925,91.79301075268818,206.31451612903226,IN,11.0168,76.9558,431.0,744,0.431
in_coimbatore,8,24.651478494623657,2.3419354838709676,4.189099462365592,79.47446236559139,961.9774193548386,85.51344086021506,201.45564516129033,IN,11.0168,76.9558,431.0,744,0.431
in_darjeeling,5,14.993827160493828,17.68888888888889,0.86375,85.84413580246914,792.846450617284,78.0324074074074,200.59722222222223,IN,27.041,88.2663,2100.0,648,2.1
in_darjeeling,6,17.14375,30.71333333333333,0.8756527777777778,91.56805555555556,792.1698611111112,87.79166666666667,189.4611111111111,IN,27.041,88.2663,2100.0,720,2.1
in_darjeeling,7,17.537768817204302,18.01290322580645,0.7431720430107527,90.84677419354838,791.5204301075269,92.18145161290323,153.3266129032258,IN,27.041,88.2663,2100.0,744,2.1
in_darjeeling,8,17.77258064516129,17.912903225806453,0.739233870967742,90.11424731182795,792.684811827957,90.93682795698925,161.21102150537635,IN,27.041,88.2663,2100.0,744,2.1
in_doddabetta,5,15.289506172839507,4.285185185185186,1.5105246913580248,80.28395061728395,750.2484567901234,81.15123456790124,231.75154320987653,IN,11.4016,76.7358,2592.0,648,2.592
in_doddabetta,6,14.087083333333334,7.256666666666666,2.064861111111111,85.975,750.1879166666668,87.99166666666666,186.80833333333334,IN,11.4016,76.7358,2592.0,720,2.592
in_doddabetta,7,14.15241935483871,2.993548387096774,2.7054435483870964,81.90456989247312,749.8650537634409,91.78897849462365,203.2970430107527,IN,11.4016,76.7358,2592.0,744,2.592
in_doddabetta,8,13.72258064516129,3.9419354838709677,2.583763440860215,84.30779569892474,750.4254032258065,86.34543010752688,198.74193548387098,IN,11.4016,76.7358,2592.0,744,2.592
in_gangtok,5,17.480864197530863,9.303703703703704,0.8150154320987655,85.35185185185185,850.8780864197531,70.15432098765432,193.47685185185185,IN,27.3389,88.6065,1487.0,648,1.487
in_gangtok,6,19.596805555555555,24.296666666666667,0.7855833333333333,90.13055555555556,849.5513888888889,82.35416666666667,179.31527777777777,IN,27.3389,88.6065,1487.0,720,1.487
in_gangtok,7,19.983467741935485,28.17741935483871,0.7643010752688172,94.84811827956989,848.6081989247311,93.53629032258064,149.19489247311827,IN,27.3389,88.6065,1487.0,744,1.487
in_gangtok,8,20.09516129032258,30.26129032258065,0.7483198924731183,93.57795698924731,849.7275537634409,91.81182795698925,157.83602150537635,IN,27.3389,88.6065,1487.0,744,1.487
in_kanyakumari,5,27.336574074074072,4.181481481481482,3.7805092592592593,83.33641975308642,1004.5188271604937,77.47067901234568,218.54320987654322,IN,8.0883,77.5385,33.0,648,0.033
in_kanyakumari,6,26.606805555555557,2.4433333333333334,5.011180555555556,83.86111111111111,1006.0063888888889,84.51944444444445,233.1027777777778,IN,8.0883,77.5385,33.0,720,0.033
in_kanyakumari,7,26.72983870967742,0.9193548387096775,5.356532258064516,82.06989247311827,1005.4877688172044,74.25940860215054,259.872311827957,IN,8.0883,77.5385,33.0,744,0.033
in_kanyakumari,8,26.00927419354839,1.064516129032258,5.168938172043011,83.34543010752688,1006.5065860215054,83.49327956989248,226.94623655913978,IN,8.0883,77.5385,33.0,744,0.033
in_kochi,5,27.006944444444443,13.925925925925927,1.326929012345679,87.5,1007.7945987654322,92.83487654320987,158.76388888888889,IN,9.9312,76.2673,6.0,648,0.006
in_kochi,6,26.25,14.209999999999999,1.3669861111111112,89.05416666666666,1009.66875,93.89027777777778,147.13333333333333,IN,9.9312,76.2673,6.0,720,0.006
in_kochi,7,26.27405913978495,10.461290322580645,1.5467473118279569,87.80645161290323,1009.5591397849462,93.3991935483871,178.03091397849462,IN,9.9312,76.2673,6.0,744,0.006
in_kochi,8,25.614247311827956,13.193548387096772,1.5585080645161289,89.15456989247312,1010.652688172043,89.48387096774194,154.15994623655914,IN,9.9312,76.2673,6.0,744,0.006
in_kodaikanal,5,17.602932098765432,8.903703703703705,1.2420524691358026,79.6929012345679,795.4499999999999,83.50462962962963,227.16820987654322,IN,10.2381,77.4892,2085.0,648,2.085
in_kodaikanal,6,17.08972222222222,8.306666666666667,1.4145416666666668,81.53333333333333,795.8994444444444,87.65138888888889,199.94027777777777,IN,10.2381,77.4892,2085.0,720,2.085
in_kodaikanal,7,17.1880376344086,3.661290322580645,1.6790860215053764,77.4260752688172,795.5051075268818,89.26209677419355,225.09274193548387,IN,10.2381,77.4892,2085.0,744,2.085
in_kodaikanal,8,16.49475806451613,7.816129032258065,1.6478897849462366,82.32795698924731,795.9260752688172,86.9260752688172,203.31451612903226,IN,10.2381,77.4892,2085.0,744,2.085
in_lachen,5,10.074382716049383,14.577777777777778,0.8386882716049383,89.72067901234568,750.4578703703704,80.38734567901234,186.69135802469137,IN,27.7287,88.5565,2567.0,648,2.567
in_lachen,6,13.341666666666667,27.213333333333335,0.8327361111111112,92.5125,751.0808333333333,89.4,173.73333333333332,IN,27.7287,88.5565,2567.0,720,2.567
in_lachen,7,15.010483870967741,34.31290322580645,0.7671236559139785,94.97849462365592,751.3384408602151,94.66935483870968,158.56586021505376,IN,27.7287,88.5565,2567.0,744,2.567
in_lachen,8,14.839516129032258,35.91935483870968,0.7474865591397849,94.23924731182795,752.2549731182795,94.08602150537635,157.01344086021504,IN,27.7287,88.5565,2567.0,744,2.567
in_madurai,5,29.981172839506172,2.559259259259259,1.5142438271604939,65.47222222222223,991.3197530864197,75.69598765432099,234.62654320987653,IN,9.9252,78.1198,141.0,648,0.141
in_madurai,6,30.914444444444445,1.1333333333333333,2.089541666666667,55.768055555555556,992.2433333333332,79.30972222222222,227.97916666666666,IN,9.9252,78.1198,141.0,720,0.141
in_madurai,7,31.556317204301077,0.3935483870967742,1.950255376344086,49.880376344086024,991.6622311827956,84.50806451612904,234.24193548387098,IN,9.9252,78.1198,141.0,744,0.141
in_madurai,8,30.192741935483873,1.6161290322580646,1.7112500000000002,56.32392473118279,992.7462365591397,84.64381720430107,214.79032258064515,IN,9.9252,78.1198,141.0,744,0.141
in_munnar,5,21.05354938271605,8.996296296296297,1.1218518518518519,88.19907407407408,855.5182098765433,93.56944444444444,181.8780864197531,IN,10.0889,77.0595,1461.0,648,1.461
in_munnar,6,19.947222222222223,10.303333333333335,1.7305972222222221,91.25,856.4386111111112,94.02916666666667,162.1263888888889,IN,10.0889,77.0595,1461.0,720,1.461
in_munnar,7,19.88010752688172,8.596774193548388,2.2623790322580644,89.45161290322581,856.259005376344,93.71908602150538,195.51344086021504,IN,10.0889,77.0595,1461.0,744,1.461
in_munnar,8,19.31263440860215,13.438709677419354,2.1013306451612905,92.18279569892474,856.790188172043,93.3010752688172,165.65591397849462,IN,10.0889,77.0595,1461.0,744,1.461
in_mysuru,5,26.479012345679013,1.9444444444444444,3.0436111111111113,70.98456790123457,927.2891975308643,77.2746913580247,240.08179012345678,IN,12.2958,76.6394,748.0,648,0.748
in_mysuru,6,23.884583333333335,4.3100000000000005,3.935236111111111,81.19305555555556,928.0116666666667,88.08333333333333,185.29583333333332,IN,12.2958,76.6394,748.0,720,0.748
in_mysuru,7,23.60645161290323,3.2225806451612904,4.962715053763441,79.97311827956989,927.561559139785,93.43413978494624,190.3279569892473,IN,12.2958,76.6394,748.0,744,0.748
in_mysuru,8,23.51465053763441,3.7935483870967746,4.387862903225806,79.74327956989248,928.6416666666667,89.96370967741936,185.19220430107526,IN,12.2958,76.6394,748.0,744,0.748
in_nathu_la,5,3.1396604938271606,7.425925925925926,1.1079783950617283,83.27006172839506,611.9067901234567,70.89814814814815,200.75154320987653,IN,27.3868,88.8308,4298.0,648,4.298
in_nathu_la,6,6.518888888888889,17.16,1.0735277777777779,88.51388888888889,614.1647222222222,79.41944444444445,184.87916666666666,IN,27.3868,88.8308,4298.0,720,4.298
in_nathu_la,7,7.56008064516129,22.08709677419355,1.0126881720430108,93.24327956989248,614.4202956989247,93.78091397849462,168.96505376344086,IN,27.3868,88.8308,4298.0,744,4.298
in_nathu_la,8,7.456048387096774,20.458064516129035,0.989247311827957,92.28360215053763,615.2120967741936,92.8225806451613,166.19489247311827,IN,27.3868,88.8308,4298.0,744,4.298
in_ooty,5,17.589506172839506,4.285185185185186,1.5105246913580248,80.57098765432099,782.5225308641975,81.15123456790124,231.75154320987653,IN,11.4102,76.695,2235.0,648,2.235
in_ooty,6,16.387083333333333,7.256666666666666,2.064861111111111,86.19444444444444,782.59875,87.99166666666666,186.80833333333334,IN,11.4102,76.695,2235.0,720,2.235
in_ooty,7,16.45241935483871,2.993548387096774,2.7054435483870964,82.14247311827957,782.2521505376344,91.78897849462365,203.2970430107527,IN,11.4102,76.695,2235.0,744,2.235
in_ooty,8,16.02258064516129,3.9419354838709677,2.583763440860215,84.54166666666667,782.8854838709678,86.34543010752688,198.74193548387098,IN,11.4102,76.695,2235.0,744,2.235
in_shillong,5,19.631481481481483,10.092592592592592,1.221682098765432,87.5679012345679,856.446450617284,70.26697530864197,195.7530864197531,IN,25.5788,91.8933,1436.0,648,1.436
in_shillong,6,21.24041666666667,14.146666666666667,1.4222777777777778,89.69583333333334,855.1269444444445,91.29722222222222,162.79305555555555,IN,25.5788,91.8933,1436.0,720,1.436
in_shillong,7,21.62728494623656,22.73548387096774,1.618454301075269,89.83602150537635,853.9680107526881,95.05779569892474,150.76344086021504,IN,25.5788,91.8933,1436.0,744,1.436
in_shillong,8,21.683333333333334,15.790322580645162,1.350752688172043,89.76209677419355,854.865188172043,92.69623655913979,156.38844086021504,IN,25.5788,91.8933,1436.0,744,1.436
in_tawang,5,10.112037037037037,7.21111111111111,1.0034876543209876,84.8395061728395,720.9645061728395,74.51388888888889,231.14197530864197,IN,27.5861,91.8594,2922.0,648,2.922
in_tawang,6,13.289583333333333,10.68,0.9505138888888889,87.24722222222222,721.7266666666667,84.19444444444444,202.35,IN,27.5861,91.8594,2922.0,720,2.922
in_tawang,7,14.376747311827955,13.86451612903226,0.7308736559139785,90.89516129032258,722.2221774193549,91.77822580645162,166.30376344086022,IN,27.5861,91.8594,2922.0,744,2.922
in_tawang,8,14.403494623655915,10.570967741935483,0.7429973118279569,89.97043010752688,723.0852150537635,92.24596774193549,169.26478494623655,IN,27.5861,91.8594,2922.0,744,2.922
in_thiruvananthapuram,5,26.558641975308642,10.42962962962963,3.2105555555555556,86.92746913580247,1007.6445987654321,88.06635802469135,198.1280864197531,IN,8.5241,76.9366,12.0,648,0.012
in_thiruvananthapuram,6,25.89236111111111,10.916666666666666,4.590638888888889,87.71805555555555,1009.416388888889,89.51805555555555,206.79305555555555,IN,8.5241,76.9366,12.0,720,0.012
in_thiruvananthapuram,7,25.919489247311827,4.996774193548387,4.861975806451613,87.33870967741936,1009.1282258064516,83.75537634408602,237.50806451612902,IN,8.5241,76.9366,12.0,744,0.012
in_thiruvananthapuram,8,25.15510752688172,5.77741935483871,4.743077956989247,88.9758064516129,1010.2206989247311,88.40456989247312,197.83467741935485,IN,8.5241,76.9366,12.0,744,0.012
in_thoothukudi,5,29.660648148148145,3.925925925925926,3.5332716049382715,73.17592592592592,1006.8621913580246,72.58641975308642,227.37654320987653,IN,8.7642,78.1348,3.0,648,0.003
in_thoothukudi,6,30.13236111111111,0.3333333333333333,4.543708333333333,66.11805555555556,1008.0743055555556,78.87361111111112,249.48333333333332,IN,8.7642,78.1348,3.0,720,0.003
in_thoothukudi,7,30.1627688172043,0.17419354838709677,4.515887096774194,64.24327956989248,1007.5106182795699,74.43010752688173,263.4731182795699,IN,8.7642,78.1348,3.0,744,0.003
in_thoothukudi,8,29.41505376344086,0.5612903225806452,4.411290322580645,66.33467741935483,1008.5600806451612,81.18279569892474,234.3965053763441,IN,8.7642,78.1348,3.0,744,0.003
kh_bokor,5,22.3108024691358,8.155555555555555,1.9866203703703702,86.28086419753086,899.0901234567901,87.77314814814815,209.41666666666666,KH,10.628,104.028,1013.0,648,1.013
kh_bokor,6,21.75722222222222,8.16,2.2609027777777775,88.6,899.7343055555555,89.38333333333334,194.8388888888889,KH,10.628,104.028,1013.0,720,1.013
kh_bokor,7,20.953225806451613,12.57741935483871,2.482231182795699,90.96774193548387,898.9869623655915,85.99462365591398,161.36424731182797,KH,10.628,104.028,1013.0,744,1.013
kh_bokor,8,21.234408602150538,7.212903225806452,2.921747311827957,88.93548387096774,899.423252688172,89.87903225806451,189.3252688172043,KH,10.628,104.028,1013.0,744,1.013
kh_phnom_penh,5,30.359567901234566,2.851851851851852,2.0374382716049384,69.68055555555556,1006.5297839506173,84.55092592592592,233.27469135802468,KH,11.5564,104.9282,14.0,648,0.014
kh_phnom_penh,6,29.252638888888892,4.816666666666666,2.1614583333333335,74.9125,1007.3079166666666,85.82638888888889,217.4763888888889,KH,11.5564,104.9282,14.0,720,0.014
kh_phnom_penh,7,27.656317204301075,7.780645161290321,2.741787634408602,81.44354838709677,1006.8063172043011,81.40591397849462,183.44220430107526,KH,11.5564,104.9282,14.0,744,0.014
kh_phnom_penh,8,28.080241935483873,3.8516129032258064,3.4973521505376346,77.75940860215054,1007.0926075268818,88.86021505376344,194.06182795698925,KH,11.5564,104.9282,14.0,744,0.014
kh_sen_monorom,5,25.31712962962963,6.714814814814815,2.0678703703703705,80.11265432098766,934.6739197530864,80.31635802469135,225.98765432098764,KH,12.4558,107.1881,682.0,648,0.682
kh_sen_monorom,6,23.967499999999998,6.843333333333334,2.549347222222222,88.60416666666667,935.0076388888889,82.34027777777777,202.90277777777777,KH,12.4558,107.1881,682.0,720,0.682
kh_sen_monorom,7,23.101881720430107,10.025806451612905,3.270349462365591,89.8991935483871,934.0485215053764,80.6491935483871,182.06182795698925,KH,12.4558,107.1881,682.0,744,0.682
kh_sen_monorom,8,23.148924731182795,9.729032258064517,4.30755376344086,90.54032258064517,934.1475806451614,86.76075268817205,186.9516129032258,KH,12.4558,107.1881,682.0,744,0.682
la_luang_prabang,5,26.985493827160493,6.862962962962964,1.166496913580247,86.23456790123457,975.5038580246913,77.48765432098766,213.8858024691358,LA,19.8833,102.1333,297.0,648,0.297
la_luang_prabang,6,27.889027777777777,5.986666666666666,1.6198194444444445,79.97777777777777,974.2825,87.39305555555555,219.68055555555554,LA,19.8833,102.1333,297.0,720,0.297
la_luang_prabang,7,25.68010752688172,12.729032258064517,1.3224193548387098,91.0524193548387,972.9975806451612,94.88440860215054,151.9233870967742,LA,19.8833,102.1333,297.0,744,0.297
la_luang_prabang,8,26.27244623655914,10.070967741935483,1.328010752688172,89.46102150537635,972.7412634408602,90.05779569892474,163.63037634408602,LA,19.8833,102.1333,297.0,744,0.297
la_paksong,5,22.263425925925926,10.477777777777778,1.6167283950617286,84.77777777777777,873.2361111111111,84.09876543209876,222.02006172839506,LA,15.1817,106.23,1284.0,648,1.284
la_paksong,6,21.88,9.306666666666667,1.836666666666667,86.96527777777777,873.1852777777779,82.68888888888888,214.675,LA,15.1817,106.23,1284.0,720,1.284
la_paksong,7,20.52809139784946,19.32258064516129,2.0970698924731184,92.43817204301075,871.5940860215054,93.52822580645162,141.79301075268816,LA,15.1817,106.23,1284.0,744,1.284
la_paksong,8,20.559677419354838,23.59032258064516,2.6325,93.65860215053763,871.4095430107526,95.93682795698925,129.09408602150538,LA,15.1817,106.23,1284.0,744,1.284
la_phonsavan,5,22.154938271604937,5.433333333333333,1.530138888888889,86.5246913580247,888.7621913580248,83.37962962962963,197.78703703703704,LA,19.45,103.2167,1125.0,648,1.125
la_phonsavan,6,22.950833333333332,4.1466666666666665,1.8199861111111113,82.72361111111111,887.9511111111112,88.02777777777777,204.8388888888889,LA,19.45,103.2167,1125.0,720,1.125
la_phonsavan,7,21.603629032258066,9.245161290322581,1.5389247311827958,89.0241935483871,886.1557795698925,96.55779569892474,145.15456989247312,LA,19.45,103.2167,1125.0,744,1.125
la_phonsavan,8,21.872177419354838,9.461290322580645,1.5345295698924732,89.94086021505376,885.9522849462365,93.34139784946237,146.46102150537635,LA,19.45,103.2167,1125.0,744,1.125
la_vientiane,5,28.334722222222226,9.114814814814814,1.4875771604938273,78.6929012345679,987.5973765432099,80.04938271604938,222.6172839506173,LA,17.9757,102.6331,179.0,648,0.179
la_vientiane,6,28.39,6.143333333333333,1.6879166666666665,79.63194444444444,986.8604166666667,86.9625,225.48055555555555,LA,17.9757,102.6331,179.0,720,0.179
la_vientiane,7,26.721639784946237,10.732258064516127,1.7545564516129033,85.58736559139786,985.516129032258,93.58198924731182,161.92876344086022,LA,17.9757,102.6331,179.0,744,0.179
la_vientiane,8,27.017473118279568,11.032258064516128,2.1784274193548385,84.27150537634408,985.0606182795699,92.31854838709677,154.08333333333334,LA,17.9757,102.6331,179.0,744,0.179
lk_ambewela,5,18.27901234567901,9.851851851851851,2.207608024691358,89.23765432098766,815.2319444444445,87.95370370370371,208.9398148148148,LK,6.8992,80.8028,1885.0,648,1.885
lk_ambewela,6,18.096527777777776,5.09,2.87,86.49027777777778,816.4265277777778,89.11944444444444,221.5236111111111,LK,6.8992,80.8028,1885.0,720,1.885
lk_ambewela,7,18.57768817204301,2.0709677419354837,3.057311827956989,79.05779569892474,816.3603494623655,69.92204301075269,256.5981182795699,LK,6.8992,80.8028,1885.0,744,1.885
lk_ambewela,8,18.04731182795699,5.193548387096774,3.2629032258064514,83.71908602150538,816.7427419354839,87.45564516129032,220.86290322580646,LK,6.8992,80.8028,1885.0,744,1.885
lk_anuradhapura,5,27.314660493827162,7.022222222222222,4.299182098765432,83.00462962962963,997.880864197531,78.30864197530865,206.13888888888889,LK,8.3114,80.4037,90.0,648,0.09
lk_anuradhapura,6,27.526527777777776,1.7200000000000002,5.588347222222223,79.08055555555555,999.2861111111112,79.91388888888889,228.2513888888889,LK,8.3114,80.4037,90.0,720,0.09
lk_anuradhapura,7,28.331182795698926,0.24838709677419354,5.917446236559139,72.60887096774194,998.8057795698925,69.01612903225806,258.5846774193548,LK,8.3114,80.4037,90.0,744,0.09
lk_anuradhapura,8,28.041129032258063,0.6935483870967741,5.7343548387096765,72.6236559139785,999.6512096774194,81.77553763440861,232.8709677419355,LK,8.3114,80.4037,90.0,744,0.09
lk_badulla,5,24.926388888888887,8.22962962962963,1.629845679012346,82.4429012345679,936.704475308642,80.2824074074074,222.16666666666666,LK,6.9934,81.055,661.0,648,0.661
lk_badulla,6,25.610138888888887,1.876666666666667,1.8777777777777778,73.42777777777778,937.9841666666666,82.56944444444444,233.7111111111111,LK,6.9934,81.055,661.0,720,0.661
lk_badulla,7,26.69475806451613,0.28387096774193554,2.2001881720430108,59.79435483870968,937.6350806451613,60.803763440860216,269.3333333333333,LK,6.9934,81.055,661.0,744,0.661
lk_badulla,8,26.69516129032258,0.7580645161290323,2.409274193548387,60.215053763440864,938.4448924731183,81.28897849462365,230.5779569892473,LK,6.9934,81.055,661.0,744,0.661
lk_bandarawela,5,21.218827160493827,7.651851851851852,2.4554783950617285,82.87345679012346,875.2533950617283,79.52314814814815,217.3641975308642,LK,6.8259,80.9982,1248.0,648,1.248
lk_bandarawela,6,21.741805555555555,1.7966666666666669,2.999986111111111,75.24583333333334,876.60375,82.24861111111112,230.56944444444446,LK,6.8259,80.9982,1248.0,720,1.248
lk_bandarawela,7,22.749327956989248,0.3806451612903226,3.2535887096774196,64.26344086021506,876.4540322580646,59.13709677419355,266.372311827957,LK,6.8259,80.9982,1248.0,744,1.248
lk_bandarawela,8,22.306182795698923,1.0612903225806452,3.434475806451613,67.86827956989248,877.071505376344,82.66935483870968,226.33870967741936,LK,6.8259,80.9982,1248.0,744,1.248
lk_batticaloa,5,28.94351851851852,5.522222222222222,2.2176851851851853,77.01543209876543,1006.2381172839507,74.36111111111111,241.40432098765433,LK,7.7102,81.6924,10.0,648,0.01
lk_batticaloa,6,30.481944444444444,0.9166666666666667,2.9597777777777776,63.69305555555555,1007.4656944444445,77.58333333333333,251.8125,LK,7.7102,81.6924,10.0,720,0.01
lk_batticaloa,7,31.170698924731184,0.06451612903225806,3.31877688172043,55.619623655913976,1006.8981182795699,65.77016129032258,272.52284946236557,LK,7.7102,81.6924,10.0,744,0.01
lk_batticaloa,8,30.975,0.1903225806451613,3.6120430107526884,55.38172043010753,1007.7525537634409,80.77688172043011,243.877688172043,LK,7.7102,81.6924,10.0,744,0.01
lk_colombo,5,27.26141975308642,9.866666666666667,2.63141975308642,86.41203703703704,1007.8841049382717,84.79012345679013,178.6820987654321,LK,6.9271,79.8612,9.0,648,0.009
lk_colombo,6,27.05625,9.083333333333332,3.127444444444445,85.70972222222223,1009.71125,85.5125,191.30694444444444,LK,6.9271,79.8612,9.0,720,0.009
lk_colombo,7,27.318817204301077,4.403225806451613,3.1233333333333335,83.56451612903226,1009.359811827957,67.7741935483871,218.93413978494624,LK,6.9271,79.8612,9.0,744,0.009
lk_colombo,8,26.755913978494625,6.7387096774193544,3.213037634408602,85.31048387096774,1010.313440860215,84.6989247311828,200.21908602150538,LK,6.9271,79.8612,9.0,744,0.009
lk_diyatalawa,5,21.601697530864197,7.651851851851852,2.4554783950617285,85.24228395061728,871.9773148148149,79.52314814814815,217.3641975308642,LK,6.807,80.9595,1283.0,648,1.283
lk_diyatalawa,6,21.87125,1.7966666666666669,2.999986111111111,79.54583333333333,873.2222222222222,82.24861111111112,230.56944444444446,LK,6.807,80.9595,1283.0,720,1.283
lk_diyatalawa,7,22.725,0.3806451612903226,3.2535887096774196,69.25403225806451,873.019623655914,59.13709677419355,266.372311827957,LK,6.807,80.9595,1283.0,744,1.283
lk_diyatalawa,8,22.198252688172044,1.0612903225806452,3.434475806451613,73.2513440860215,873.5943548387096,82.66935483870968,226.33870967741936,LK,6.807,80.9595,1283.0,744,1.283
lk_ella,5,23.683641975308642,7.651851851851852,2.4554783950617285,83.70524691358025,910.5279320987654,79.52314814814815,217.3641975308642,LK,6.8667,81.0466,907.0,648,0.907
lk_ella,6,24.12611111111111,1.7966666666666669,2.999986111111111,76.37083333333334,911.8466666666666,82.24861111111112,230.56944444444446,LK,6.8667,81.0466,907.0,720,0.907
lk_ella,7,25.120295698924732,0.3806451612903226,3.2535887096774196,64.14247311827957,911.5672043010753,59.13709677419355,266.372311827957,LK,6.8667,81.0466,907.0,744,0.907
lk_ella,8,24.831182795698926,1.0612903225806452,3.434475806451613,67.07795698924731,912.3096774193549,82.66935483870968,226.33870967741936,LK,6.8667,81.0466,907.0,744,0.907
lk_galle,5,27.324382716049385,8.222222222222223,3.514259259259259,85.51234567901234,1008.9225308641976,84.29012345679013,200.43364197530863,LK,6.0535,80.221,3.0,648,0.003
lk_galle,6,27.229444444444447,7.183333333333334,4.176569444444445,84.08611111111111,1010.7293055555555,83.88472222222222,216.80138888888888,LK,6.0535,80.221,3.0,720,0.003
lk_galle,7,27.441129032258065,4.74516129032258,4.211155913978494,82.20833333333333,1010.3559139784946,65.10483870967742,238.83198924731184,LK,6.0535,80.221,3.0,744,0.003
lk_galle,8,26.518951612903223,8.948387096774193,4.371021505376344,85.97849462365592,1011.3532258064516,86.61962365591398,214.11559139784947,LK,6.0535,80.221,3.0,744,0.003
lk_gampola,5,24.532253086419754,6.181481481481482,2.298641975308642,88.39506172839506,954.4745370370371,84.24691358024691,197.5462962962963,LK,7.1643,80.5696,496.0,648,0.496
lk_gampola,6,24.236527777777777,3.2366666666666672,2.9069861111111113,87.10277777777777,956.1051388888889,85.90555555555555,209.5375,LK,7.1643,80.5696,496.0,720,0.496
lk_gampola,7,24.483467741935485,2.0580645161290323,3.1005779569892473,81.49327956989248,955.8052419354839,67.68010752688173,240.5013440860215,LK,7.1643,80.5696,496.0,744,0.496
lk_gampola,8,23.962365591397848,4.535483870967742,3.1155107526881722,85.11559139784946,956.5977150537634,84.18951612903226,213.66129032258064,LK,7.1643,80.5696,496.0,744,0.496
lk_hambantota,5,28.06604938271605,2.677777777777778,4.565216049382716,79.70216049382717,1006.533950617284,77.32716049382717,219.11111111111111,LK,6.1429,81.1212,15.0,648,0.015
lk_hambantota,6,28.524583333333336,0.7166666666666667,5.679097222222222,74.45972222222223,1008.1108333333334,79.22777777777777,232.73194444444445,LK,6.1429,81.1212,15.0,720,0.015
lk_hambantota,7,28.82016129032258,0.5677419354838711,5.798279569892474,72.2997311827957,1007.6323924731183,56.670698924731184,262.47983870967744,LK,6.1429,81.1212,15.0,744,0.015
lk_hambantota,8,27.851344086021506,1.3451612903225807,6.033978494623655,75.67069892473118,1008.6826612903226,82.83333333333333,226.31720430107526,LK,6.1429,81.1212,15.0,744,0.015
lk_haputale,5,20.701697530864198,7.651851851851852,2.4554783950617285,85.14814814814815,857.5203703703703,79.52314814814815,217.3641975308642,LK,6.7681,80.959,1427.0,648,1.427
lk_haputale,6,20.971249999999998,1.7966666666666669,2.999986111111111,79.41666666666667,858.7581944444445,82.24861111111112,230.56944444444446,LK,6.7681,80.959,1427.0,720,1.427
lk_haputale,7,21.825,0.3806451612903226,3.2535887096774196,69.0752688172043,858.6013440860215,59.13709677419355,266.372311827957,LK,6.7681,80.959,1427.0,744,1.427
lk_haputale,8,21.29825268817204,1.0612903225806452,3.434475806451613,73.09677419354838,859.1403225806451,82.66935483870968,226.33870967741936,LK,6.7681,80.959,1427.0,744,1.427
lk_hatton,5,20.837345679012348,12.277777777777779,1.4466203703703704,91.99228395061728,870.6979938271605,87.28395061728395,190.39197530864197,LK,6.8916,80.5955,1303.0,648,1.303
lk_hatton,6,20.435000000000002,7.616666666666666,1.6980694444444444,91.49305555555556,872.0979166666667,87.8,202.92361111111111,LK,6.8916,80.5955,1303.0,720,1.303
lk_hatton,7,20.538172043010753,4.596774193548387,1.721518817204301,88.18413978494624,871.8327956989247,68.74731182795699,234.13575268817203,LK,6.8916,80.5955,1303.0,744,1.303
lk_hatton,8,20.008198924731182,9.351612903225805,1.7249327956989247,91.85618279569893,872.4138440860215,87.61424731182795,205.122311827957,LK,6.8916,80.5955,1303.0,744,1.303
lk_horton_plains,5,16.679012345679013,11.222222222222223,2.5869290123456787,89.13271604938272,791.5563271604939,87.47222222222223,203.24845679012347,LK,6.8021,80.807,2130.0,648,2.13
lk_horton_plains,6,16.49652777777778,4.336666666666666,3.310055555555555,86.3375,792.6991666666667,87.81666666666666,217.86527777777778,LK,6.8021,80.807,2130.0,720,2.13
lk_horton_plains,7,16.97768817204301,2.009677419354839,3.51880376344086,78.83736559139786,792.6405913978494,67.80645161290323,253.11021505376345,LK,6.8021,80.807,2130.0,744,2.13
lk_horton_plains,8,16.447311827956987,4.970967741935484,3.6701209677419357,83.55645161290323,792.9986559139785,88.58736559139786,215.94758064516128,LK,6.8021,80.807,2130.0,744,2.13
lk_jaffna,5,28.834722222222226,3.9592592592592593,6.705586419753087,81.12962962962963,1005.983024691358,66.92283950617283,227.66203703703704,LK,9.6615,80.0255,9.0,648,0.009
lk_jaffna,6,29.205416666666668,0.6833333333333333,8.514930555555555,77.75416666666666,1006.9438888888889,69.37916666666666,266.73333333333335,LK,9.6615,80.0255,9.0,720,0.009
lk_jaffna,7,29.00725806451613,0.23225806451612904,8.571814516129033,76.96505376344086,1006.4728494623656,77.5013440860215,265.9274193548387,LK,9.6615,80.0255,9.0,744,0.009
lk_jaffna,8,28.543413978494623,2.0193548387096776,7.742069892473118,77.88978494623656,1007.4701612903226,79.81989247311827,249.99193548387098,LK,9.6615,80.0255,9.0,744,0.009
lk_kandy,5,24.032098765432096,6.144444444444445,2.2491203703703704,87.15277777777777,954.5308641975308,80.34876543209876,216.53703703703704,LK,7.2906,80.6337,499.0,648,0.499
lk_kandy,6,23.834583333333335,2.316666666666667,3.0591666666666666,85.15277777777777,955.9619444444444,83.72222222222223,227.0402777777778,LK,7.2906,80.6337,499.0,720,0.499
lk_kandy,7,24.285752688172042,0.5806451612903225,3.40866935483871,78.85887096774194,955.6443548387097,64.61559139784946,260.7795698924731,LK,7.2906,80.6337,499.0,744,0.499
lk_kandy,8,23.6377688172043,1.732258064516129,3.589543010752688,82.78897849462365,956.3610215053764,80.85349462365592,227.5201612903226,LK,7.2906,80.6337,499.0,744,0.499
lk_kegalle,5,25.305092592592594,8.477777777777778,2.693966049382716,86.22376543209876,985.7390432098766,85.17129629629629,181.73456790123456,LK,7.2513,80.3464,205.0,648,0.205
lk_kegalle,6,25.025416666666665,6.4,3.2567638888888886,85.40694444444445,987.4869444444444,86.22638888888889,194.8361111111111,LK,7.2513,80.3464,205.0,720,0.205
lk_kegalle,7,25.430779569892472,4.138709677419355,3.348481182795699,81.7258064516129,987.1663978494624,70.82930107526882,222.31451612903226,LK,7.2513,80.3464,205.0,744,0.205
lk_kegalle,8,24.731854838709676,5.92258064516129,3.3628225806451613,84.79166666666667,988.0462365591399,84.76209677419355,202.3279569892473,LK,7.2513,80.3464,205.0,744,0.205
lk_kurunegala,5,26.193827160493825,7.488888888888888,3.2650617283950623,85.26543209876543,994.6774691358024,83.45679012345678,187.40123456790124,LK,7.4863,80.3647,124.0,648,0.124
lk_kurunegala,6,25.96388888888889,4.523333333333333,4.075027777777778,83.7375,996.37875,84.5875,203.04861111111111,LK,7.4863,80.3647,124.0,720,0.124
lk_kurunegala,7,26.561827956989248,2.503225806451613,4.296626344086022,78.80645161290323,996.0423387096774,70.71236559139786,231.43817204301075,LK,7.4863,80.3647,124.0,744,0.124
lk_kurunegala,8,25.736021505376343,3.9967741935483874,4.324395161290322,82.62231182795699,996.9122311827956,83.19489247311827,212.38306451612902,LK,7.4863,80.3647,124.0,744,0.124
lk_mannar,5,28.359259259259257,5.533333333333333,6.42871913580247,81.73148148148148,1006.7614197530864,70.0246913580247,212.945987654321,LK,8.981,79.9044,6.0,648,0.006
lk_mannar,6,28.68208333333333,0.59,8.274347222222222,77.95694444444445,1007.9645833333333,72.34583333333333,258.28194444444443,LK,8.981,79.9044,6.0,720,0.006
lk_mannar,7,28.59489247311828,0.14516129032258063,8.48353494623656,76.64381720430107,1007.5033602150538,72.22043010752688,268.8790322580645,LK,8.981,79.9044,6.0,744,0.006
lk_mannar,8,28.09905913978495,0.3419354838709677,7.798387096774194,77.3239247311828,1008.4551075268816,78.05376344086021,250.06854838709677,LK,8.981,79.9044,6.0,744,0.006
lk_matale,5,25.98503086419753,5.544444444444444,3.2087962962962964,84.64043209876543,969.1825617283952,82.66203703703704,203.18672839506172,LK,7.4675,80.6234,356.0,648,0.356
lk_matale,6,26.02722222222222,2.293333333333333,4.185930555555555,80.93333333333334,970.8248611111111,84.67916666666666,215.16666666666666,LK,7.4675,80.6234,356.0,720,0.356
lk_matale,7,26.701612903225808,1.467741935483871,4.500416666666666,74.53091397849462,970.5314516129033,69.73521505376344,245.80913978494624,LK,7.4675,80.6234,356.0,744,0.356
lk_matale,8,25.948118279569893,3.441935483870968,4.501559139784946,78.33198924731182,971.3197580645161,83.43548387096774,220.50806451612902,LK,7.4675,80.6234,356.0,744,0.356
lk_matara,5,27.27901234567901,5.762962962962963,4.69716049382716,86.27932098765432,1008.2731481481482,80.52314814814815,214.44135802469137,LK,5.9549,80.555,6.0,648,0.006
lk_matara,6,27.169444444444444,4.9366666666666665,5.402597222222222,84.5625,1010.025,80.8125,230.51388888888889,LK,5.9549,80.555,6.0,720,0.006
lk_matara,7,27.516532258064515,3.5,5.4480913978494625,81.58736559139786,1009.6481182795699,62.53629032258065,252.6290322580645,LK,5.9549,80.555,6.0,744,0.006
lk_matara,8,26.514919354838707,6.667741935483871,5.556868279569893,85.95295698924731,1010.6771505376345,84.54435483870968,224.7311827956989,LK,5.9549,80.555,6.0,744,0.006
lk_nawalapitiya,5,24.199537037037036,12.277777777777779,1.4466203703703704,89.64197530864197,946.4117283950618,87.28395061728395,190.39197530864197,LK,7.0505,80.53,577.0,648,0.577
lk_nawalapitiya,6,23.773055555555555,7.616666666666666,1.6980694444444444,89.1,948.0379166666668,87.8,202.92361111111111,LK,7.0505,80.53,577.0,720,0.577
lk_nawalapitiya,7,23.84354838709677,4.596774193548387,1.721518817204301,85.1989247311828,947.7147849462366,68.74731182795699,234.13575268817203,LK,7.0505,80.53,577.0,744,0.577
lk_nawalapitiya,8,23.339919354838713,9.351612903225805,1.7249327956989247,88.70161290322581,948.4943548387098,87.61424731182795,205.122311827957,LK,7.0505,80.53,577.0,744,0.577
lk_nuwara_eliya,5,18.27901234567901,9.851851851851851,2.207608024691358,89.23611111111111,814.9456790123457,87.95370370370371,208.9398148148148,LK,6.9497,80.7891,1888.0,648,1.888
lk_nuwara_eliya,6,18.096527777777776,5.09,2.87,86.48611111111111,816.1391666666666,89.11944444444444,221.5236111111111,LK,6.9497,80.7891,1888.0,720,1.888
lk_nuwara_eliya,7,18.57768817204301,2.0709677419354837,3.057311827956989,79.05510752688173,816.0735215053763,69.92204301075269,256.5981182795699,LK,6.9497,80.7891,1888.0,744,1.888
lk_nuwara_eliya,8,18.04731182795699,5.193548387096774,3.2629032258064514,83.71505376344086,816.4543010752689,87.45564516129032,220.86290322580646,LK,6.9497,80.7891,1888.0,744,1.888
lk_pidurutalagala,5,14.728395061728396,9.851851851851851,2.207608024691358,87.64197530864197,758.4851851851852,87.95370370370371,208.9398148148148,LK,7.0008,80.7733,2500.0,648,2.5
lk_pidurutalagala,6,14.63736111111111,5.09,2.87,84.40555555555555,759.6294444444444,89.11944444444444,221.5236111111111,LK,7.0008,80.7733,2500.0,720,2.5
lk_pidurutalagala,7,15.158064516129032,2.0709677419354837,3.057311827956989,76.06854838709677,759.6852150537635,69.92204301075269,256.5981182795699,LK,7.0008,80.7733,2500.0,744,2.5
lk_pidurutalagala,8,14.647177419354838,5.193548387096774,3.2629032258064514,80.36962365591398,759.9563172043011,87.45564516129032,220.86290322580646,LK,7.0008,80.7733,2500.0,744,2.5
lk_polonnaruwa,5,28.083333333333332,4.762962962962963,4.044984567901235,76.35339506172839,1001.9797839506173,72.72067901234568,234.10802469135803,LK,7.9403,81.0188,49.0,648,0.049
lk_polonnaruwa,6,29.290555555555557,0.36666666666666664,5.570888888888889,64.81388888888888,1003.3133333333333,77.61666666666666,242.56944444444446,LK,7.9403,81.0188,49.0,720,0.049
lk_polonnaruwa,7,29.897311827956987,0.04516129032258065,5.982446236559139,59.778225806451616,1002.7715053763441,65.50537634408602,272.41129032258067,LK,7.9403,81.0188,49.0,744,0.049
lk_polonnaruwa,8,29.326075268817203,0.19677419354838707,5.982782258064516,61.818548387096776,1003.6572580645161,80.36290322580645,240.4959677419355,LK,7.9403,81.0188,49.0,744,0.049
lk_puttalam,5,27.921604938271606,7.762962962962963,3.9983796296296292,83.72376543209876,1007.7368827160494,76.27160493827161,195.375,LK,8.0362,79.8283,4.0,648,0.004
lk_puttalam,6,27.667777777777776,3.66,5.199680555555555,83.23472222222222,1009.3119444444444,79.76805555555555,221.29583333333332,LK,8.0362,79.8283,4.0,720,0.004
lk_puttalam,7,27.91034946236559,0.9903225806451612,5.573844086021505,80.38306451612904,1008.9197580645161,68.46774193548387,249.4005376344086,LK,8.0362,79.8283,4.0,744,0.004
lk_puttalam,8,27.490456989247313,1.2806451612903227,5.5240188172043005,80.2486559139785,1009.7813172043011,81.23790322580645,232.04032258064515,LK,8.0362,79.8283,4.0,744,0.004
lk_ratnapura,5,25.96543209876543,13.825925925925926,1.526851851851852,91.51388888888889,1006.6222222222221,87.68518518518519,186.43827160493828,LK,6.6828,80.3992,34.0,648,0.034
lk_ratnapura,6,25.61777777777778,7.783333333333333,1.9190277777777778,90.81805555555556,1008.43,87.37777777777778,200.67916666666667,LK,6.6828,80.3992,34.0,720,0.034
lk_ratnapura,7,25.59287634408602,4.8032258064516125,2.01741935483871,88.93682795698925,1008.030376344086,68.22446236559139,231.7284946236559,LK,6.6828,80.3992,34.0,744,0.034
lk_ratnapura,8,25.189919354838707,9.638709677419355,2.025524193548387,91.31048387096774,1008.9798387096774,89.06989247311827,201.07123655913978,LK,6.6828,80.3992,34.0,744,0.034
lk_sri_pada,5,15.669753086419753,13.825925925925926,1.526851851851852,90.53395061728395,787.1439814814814,87.68518518518519,186.43827160493828,LK,6.8096,80.4994,2163.0,648,2.163
lk_sri_pada,6,15.363472222222223,7.783333333333333,1.9190277777777778,89.59861111111111,788.3556944444445,87.37777777777778,200.67916666666667,LK,6.8096,80.4994,2163.0,720,2.163
lk_sri_pada,7,15.543413978494623,4.8032258064516125,2.01741935483871,86.1774193548387,788.1700268817204,68.22446236559139,231.7284946236559,LK,6.8096,80.4994,2163.0,744,2.163
lk_sri_pada,8,14.916666666666666,9.638709677419355,2.025524193548387,90.04435483870968,788.500940860215,89.06989247311827,201.07123655913978,LK,6.8096,80.4994,2163.0,744,2.163
lk_trincomalee,5,28.47608024691358,5.244444444444444,5.175200617283951,77.66203703703704,1006.2493827160494,70.8425925925926,235.81635802469137,LK,8.5874,81.2152,9.0,648,0.009
lk_trincomalee,6,29.34722222222222,0.6799999999999999,6.5179583333333335,69.45277777777778,1007.4498611111111,74.84861111111111,252.25555555555556,LK,8.5874,81.2152,9.0,720,0.009
lk_trincomalee,7,30.05483870967742,0.041935483870967745,6.541706989247311,63.79032258064516,1006.8540322580645,66.25,272.80645161290323,LK,8.5874,81.2152,9.0,744,0.009
lk_trincomalee,8,29.628629032258065,0.35161290322580646,6.487822580645161,64.99327956989248,1007.7424731182796,79.56182795698925,245.3521505376344,LK,8.5874,81.2152,9.0,744,0.009
lk_welimada,5,22.633333333333333,8.22962962962963,1.629845679012346,83.58024691358025,894.3663580246914,80.2824074074074,222.16666666666666,LK,6.902,80.9223,1064.0,648,1.064
lk_welimada,6,23.074305555555554,1.876666666666667,1.8777777777777778,76.24305555555556,895.5959722222221,82.56944444444444,233.7111111111111,LK,6.902,80.9223,1064.0,720,1.064
lk_welimada,7,24.06989247311828,0.28387096774193554,2.2001881720430108,63.92338709677419,895.3811827956989,60.803763440860216,269.3333333333333,LK,6.902,80.9223,1064.0,744,1.064
lk_welimada,8,23.785752688172042,0.7580645161290323,2.409274193548387,66.88844086021506,896.0486559139785,81.28897849462365,230.5779569892473,LK,6.902,80.9223,1064.0,744,1.064
mm_hakha,5,18.918055555555554,3.662962962962963,1.0464969135802469,79.78395061728395,825.0117283950617,53.75617283950617,229.68364197530863,MM,22.6445,93.6108,1768.0,648,1.768
mm_hakha,6,19.059166666666666,10.126666666666667,0.9673194444444445,90.96944444444445,823.583888888889,90.53472222222223,157.2138888888889,MM,22.6445,93.6108,1768.0,720,1.768
mm_hakha,7,18.879166666666666,15.116129032258065,1.0937903225806451,93.24596774193549,822.4638440860215,96.22177419354838,134.622311827957,MM,22.6445,93.6108,1768.0,744,1.768
mm_hakha,8,19.157526881720432,16.174193548387098,0.8936021505376345,93.73924731182795,823.0396505376344,94.68010752688173,144.5268817204301,MM,22.6445,93.6108,1768.0,744,1.768
mm_kalaw,5,21.886111111111113,6.11851851851852,1.562422839506173,82.85185185185185,869.6236111111111,67.58179012345678,221.53240740740742,MM,20.6333,96.5667,1309.0,648,1.309
mm_kalaw,6,21.105833333333333,12.113333333333333,2.180180555555556,90.91805555555555,868.6736111111111,91.54722222222222,162.36111111111111,MM,20.6333,96.5667,1309.0,720,1.309
mm_kalaw,7,20.64502688172043,15.280645161290323,2.018037634408602,92.21102150537635,867.8768817204301,96.70698924731182,125.81182795698925,MM,20.6333,96.5667,1309.0,744,1.309
mm_kalaw,8,20.938306451612902,10.290322580645162,1.831209677419355,92.02284946236558,868.2099462365591,94.90994623655914,141.80107526881721,MM,20.6333,96.5667,1309.0,744,1.309
mm_mandalay,5,28.87098765432099,5.181481481481482,2.3037808641975306,74.74382716049382,997.8104938271604,56.94598765432099,231.97993827160494,MM,21.9588,96.0891,76.0,648,0.076
mm_mandalay,6,27.827361111111113,5.096666666666667,4.154569444444444,79.72916666666667,996.4740277777778,87.10833333333333,176.3763888888889,MM,21.9588,96.0891,76.0,720,0.076
mm_mandalay,7,27.354569892473116,4.225806451612904,4.141505376344086,80.54569892473118,995.7807795698925,92.83602150537635,148.19086021505376,MM,21.9588,96.0891,76.0,744,0.076
mm_mandalay,8,27.345026881720432,5.554838709677419,3.614744623655914,82.03494623655914,996.2630376344085,89.46102150537635,153.6465053763441,MM,21.9588,96.0891,76.0,744,0.076
mm_taunggyi,5,20.886111111111113,5.307407407407408,1.4084567901234568,79.62654320987654,861.5817901234568,69.49382716049382,216.11111111111111,MM,20.7888,97.0337,1390.0,648,1.39
mm_taunggyi,6,20.43347222222222,5.016666666666667,2.3158194444444447,84.26388888888889,860.5315277777777,90.58333333333333,173.2736111111111,MM,20.7888,97.0337,1390.0,720,1.39
mm_taunggyi,7,19.767607526881722,7.96774193548387,1.9395698924731182,87.51344086021506,859.6217741935484,96.6236559139785,130.75,MM,20.7888,97.0337,1390.0,744,1.39
mm_taunggyi,8,20.126881720430106,5.364516129032259,1.6868279569892473,87.30645161290323,859.984811827957,94.93279569892474,144.73387096774192,MM,20.7888,97.0337,1390.0,744,1.39
mm_yangon,5,28.233024691358025,11.966666666666669,2.0403086419753085,82.6820987654321,1006.7263888888888,85.84104938271605,183.42746913580248,MM,16.8409,96.1735,7.0,648,0.007
mm_yangon,6,26.82388888888889,15.916666666666666,2.4923888888888888,89.65138888888889,1006.9977777777779,94.82638888888889,142.37777777777777,MM,16.8409,96.1735,7.0,720,0.007
mm_yangon,7,26.631451612903223,15.693548387096776,2.72247311827957,89.90591397849462,1006.3763440860215,96.16263440860214,127.94489247311827,MM,16.8409,96.1735,7.0,744,0.007
mm_yangon,8,26.296236559139786,16.541935483870965,2.6281182795698923,91.6760752688172,1006.5586021505376,96.02284946236558,116.17876344086021,MM,16.8409,96.1735,7.0,744,0.007
my_cameron_highlands,5,20.625925925925927,8.811111111111112,0.894104938271605,86.75771604938272,858.6333333333333,88.83179012345678,211.03240740740742,MY,4.47,101.376,1436.0,648,1.436
my_cameron_highlands,6,20.105555555555554,11.226666666666667,0.88025,89.09583333333333,859.6154166666666,89.98194444444445,199.625,MY,4.47,101.376,1436.0,720,1.436
my_cameron_highlands,7,19.947715053763442,10.858064516129033,0.8112231182795698,87.8508064516129,859.1751344086022,87.48387096774194,209.01478494623655,MY,4.47,101.376,1436.0,744,1.436
my_cameron_highlands,8,20.42284946236559,7.074193548387098,0.9538709677419355,84.28225806451613,859.7797043010752,84.2997311827957,229.53091397849462,MY,4.47,101.376,1436.0,744,1.436
my_genting,5,17.123765432098768,6.962962962962964,1.0728395061728395,85.54012345679013,826.1316358024692,89.70987654320987,214.50617283950618,MY,3.4239,101.7932,1745.0,648,1.745
my_genting,6,16.75625,7.180000000000001,1.1186388888888887,85.77083333333333,827.1441666666667,87.18888888888888,200.35,MY,3.4239,101.7932,1745.0,720,1.745
my_genting,7,16.337634408602153,6.032258064516129,1.0981854838709677,88.27956989247312,826.624059139785,83.99059139784946,199.84139784946237,MY,3.4239,101.7932,1745.0,744,1.745
my_genting,8,17.156182795698925,2.1870967741935483,1.2101478494623656,81.56451612903226,827.4,76.99059139784946,231.877688172043,MY,3.4239,101.7932,1745.0,744,1.745
my_george_town,5,28.352006172839506,6.759259259259259,1.233472222222222,81.73765432098766,1008.818364197531,89.22993827160494,212.78858024691357,MY,5.4141,100.3288,6.0,648,0.006
my_george_town,6,27.945694444444445,7.08,1.322513888888889,82.73472222222222,1010.1713888888889,86.14861111111111,206.93333333333334,MY,5.4141,100.3288,6.0,720,0.006
my_george_town,7,28.070967741935483,3.3451612903225802,1.2983064516129033,81.09408602150538,1009.7025537634408,83.9489247311828,214.60752688172042,MY,5.4141,100.3288,6.0,744,0.006
my_george_town,8,28.674193548387095,2.8741935483870966,1.4887231182795697,77.82661290322581,1010.0900537634409,78.60618279569893,236.88440860215053,MY,5.4141,100.3288,6.0,744,0.006
np_bharatpur,5,25.866975308641972,6.78888888888889,1.0617746913580246,78.89197530864197,982.2527777777779,47.1929012345679,230.9537037037037,NP,27.6833,84.4333,213.0,648,0.213
np_bharatpur,6,28.095694444444447,7.846666666666666,0.9204027777777779,80.9125,979.5651388888889,46.67916666666667,226.04305555555555,NP,27.6833,84.4333,213.0,720,0.213
np_bharatpur,7,27.940860215053764,16.62258064516129,0.7717876344086022,86.07123655913979,977.9622311827957,93.47849462365592,144.95967741935485,NP,27.6833,84.4333,213.0,744,0.213
np_bharatpur,8,28.061290322580643,14.603225806451611,0.7727150537634409,85.68010752688173,979.4774193548386,89.68682795698925,156.68817204301075,NP,27.6833,84.4333,213.0,744,0.213
np_biratnagar,5,26.719290123456787,4.388888888888889,2.6683796296296296,78.40895061728395,997.2027777777778,46.14351851851852,212.929012345679,NP,26.4525,87.2718,71.0,648,0.071
np_biratnagar,6,28.243333333333336,7.816666666666666,2.288388888888889,81.65138888888889,994.3388888888888,60.96666666666667,206.54583333333332,NP,26.4525,87.2718,71.0,720,0.071
np_biratnagar,7,28.251075268817203,13.980645161290322,3.1696102150537637,83.99462365591398,992.5177419354839,88.0013440860215,161.11424731182797,NP,26.4525,87.2718,71.0,744,0.071
np_biratnagar,8,28.758064516129032,7.041935483870969,2.827956989247312,82.50806451612904,993.8065860215054,86.5,181.00672043010752,NP,26.4525,87.2718,71.0,744,0.071
np_dhulikhel,5,19.639506172839507,7.9111111111111105,1.0465123456790124,81.28395061728395,849.9626543209878,57.001543209876544,233.02932098765433,NP,27.6221,85.5421,1490.0,648,1.49
np_dhulikhel,6,21.821666666666665,8.606666666666666,1.0075833333333333,86.34722222222223,848.8152777777777,65.63194444444444,226.15972222222223,NP,27.6221,85.5421,1490.0,720,1.49
np_dhulikhel,7,22.0622311827957,21.835483870967742,0.8740188172043011,90.99731182795699,847.5962365591397,93.60618279569893,143.07930107526883,NP,27.6221,85.5421,1490.0,744,1.49
np_dhulikhel,8,22.18024193548387,15.48709677419355,0.8383333333333334,89.83602150537635,848.9325268817205,90.92338709677419,162.34408602150538,NP,27.6221,85.5421,1490.0,744,1.49
np_dingboche,5,3.158179012345679,3.4481481481481477,1.051496913580247,79.65586419753086,611.4342592592593,50.91820987654321,256.983024691358,NP,27.892,86.8314,4321.0,648,4.321
np_dingboche,6,7.865833333333333,6.013333333333334,1.0541527777777777,87.37083333333334,615.3294444444444,67.15694444444445,232.87083333333334,NP,27.892,86.8314,4321.0,720,4.321
np_dingboche,7,9.618817204301076,14.338709677419354,0.907258064516129,94.35887096774194,616.6108870967741,94.41666666666667,173.11559139784947,NP,27.892,86.8314,4321.0,744,4.321
np_dingboche,8,9.426344086021505,14.319354838709675,0.8690053763440859,94.06451612903226,617.3692204301076,93.33198924731182,165.42741935483872,NP,27.892,86.8314,4321.0,744,4.321
np_janakpur,5,28.45262345679012,2.4185185185185185,2.708163580246914,68.74537037037037,996.5555555555555,36.15432098765432,253.2037037037037,NP,26.7271,85.9407,74.0,648,0.074
np_janakpur,6,30.195277777777775,5.156666666666666,2.284875,70.50555555555556,993.71125,49.858333333333334,236.6236111111111,NP,26.7271,85.9407,74.0,720,0.074
np_janakpur,7,28.496774193548386,9.941935483870967,2.7868279569892476,82.8763440860215,992.1233870967743,88.01075268817205,169.86424731182797,NP,26.7271,85.9407,74.0,744,0.074
np_janakpur,8,28.790994623655912,7.396774193548388,2.2201478494623657,83.03763440860214,993.5251344086021,86.72849462365592,182.33064516129033,NP,26.7271,85.9407,74.0,744,0.074
np_jomsom,5,9.99243827160494,9.488888888888889,1.0716049382716049,83.81327160493827,734.2399691358024,68.49228395061728,244.71296296296296,NP,28.7806,83.7278,2751.0,648,2.751
np_jomsom,6,15.075694444444444,10.423333333333334,1.0550416666666667,87.78333333333333,736.9890277777778,66.69027777777778,232.6652777777778,NP,28.7806,83.7278,2751.0,720,2.751
np_jomsom,7,17.779032258064518,16.435483870967744,0.8467741935483871,93.06182795698925,737.776747311828,94.59543010752688,162.23521505376345,NP,28.7806,83.7278,2751.0,744,2.751
np_jomsom,8,17.20725806451613,24.290322580645164,0.8490994623655914,94.17876344086021,738.506317204301,94.16666666666667,146.04301075268816,NP,28.7806,83.7278,2751.0,744,2.751
np_kathmandu,5,20.378395061728398,7.248148148148148,0.9646141975308643,82.17901234567901,869.3520061728394,60.007716049382715,230.53395061728395,NP,27.7172,85.324,1301.0,648,1.301
np_kathmandu,6,22.566388888888888,8.743333333333332,0.9296388888888889,86.725,868.1208333333333,64.12083333333334,227.8513888888889,NP,27.7172,85.324,1301.0,720,1.301
np_kathmandu,7,22.914247311827957,25.3,0.892741935483871,91.91397849462365,866.769758064516,95.10618279569893,139.38575268817203,NP,27.7172,85.324,1301.0,744,1.301
np_kathmandu,8,23.069220430107528,15.251612903225807,0.8508064516129032,90.5241935483871,868.1942204301075,93.25672043010752,159.19623655913978,NP,27.7172,85.324,1301.0,744,1.301
np_lukla,5,11.167438271604938,10.15925925925926,1.1149537037037036,81.44444444444444,729.3751543209876,65.99074074074075,233.41666666666666,NP,27.6869,86.7297,2817.0,648,2.817
np_lukla,6,13.97125,15.246666666666666,1.1029444444444445,89.01666666666667,730.0301388888888,82.38333333333334,210.6861111111111,NP,27.6869,86.7297,2817.0,720,2.817
np_lukla,7,15.197715053763442,21.648387096774194,0.9200672043010752,92.37231182795699,730.034811827957,93.06182795698925,154.61559139784947,NP,27.6869,86.7297,2817.0,744,2.817
np_lukla,8,15.063440860215055,23.606451612903225,0.913736559139785,92.59946236559139,731.048252688172,91.94086021505376,155.3965053763441,NP,27.6869,86.7297,2817.0,744,2.817
np_namche,5,7.949537037037038,3.4481481481481477,1.051496913580247,79.16975308641975,671.353549382716,50.91820987654321,256.983024691358,NP,27.8053,86.714,3556.0,648,3.556
np_namche,6,11.40263888888889,6.013333333333334,1.0541527777777777,86.79166666666667,673.4066666666666,67.15694444444445,232.87083333333334,NP,27.8053,86.714,3556.0,720,3.556
np_namche,7,12.88508064516129,14.338709677419354,0.907258064516129,93.2513440860215,674.1861559139785,94.41666666666667,173.11559139784947,NP,27.8053,86.714,3556.0,744,3.556
np_namche,8,12.7127688172043,14.319354838709675,0.8690053763440859,93.38978494623656,675.0772849462365,93.33198924731182,165.42741935483872,NP,27.8053,86.714,3556.0,744,3.556
np_pokhara,5,21.654475308641977,16.355555555555554,1.024320987654321,78.30092592592592,916.1143518518518,66.52932098765432,229.3935185185185,NP,28.2096,83.9856,850.0,648,0.85
np_pokhara,6,23.724305555555556,20.13,0.9617361111111111,82.74722222222222,914.3343055555555,61.456944444444446,212.53472222222223,NP,28.2096,83.9856,850.0,720,0.85
np_pokhara,7,24.370564516129033,26.725806451612904,0.8702284946236559,89.50268817204301,912.8951612903226,95.4489247311828,147.53763440860214,NP,28.2096,83.9856,850.0,744,0.85
np_pokhara,8,24.3497311827957,39.80967741935484,0.942002688172043,88.57795698924731,914.333870967742,95.33198924731182,143.18145161290323,NP,28.2096,83.9856,850.0,744,0.85
sg_singapore,5,27.34027777777778,9.088888888888889,1.5868672839506173,85.64660493827161,1004.2581790123457,91.2608024691358,174.36882716049382,SG,1.3521,103.8198,46.0,648,0.046
sg_singapore,6,27.25722222222222,8.3,2.195736111111111,84.42777777777778,1005.7315277777777,82.3,192.36666666666667,SG,1.3521,103.8198,46.0,720,0.046
sg_singapore,7,27.181451612903224,6.183870967741935,2.4930913978494624,83.06989247311827,1005.4681451612904,79.36962365591398,197.8252688172043,SG,1.3521,103.8198,46.0,744,0.046
sg_singapore,8,27.866801075268818,1.6774193548387095,2.828010752688172,79.20430107526882,1005.8989247311829,67.06586021505376,243.89247311827958,SG,1.3521,103.8198,46.0,744,0.046
th_bangkok,5,29.820987654320987,3.9074074074074074,2.1494290123456787,74.16975308641975,1007.3174382716048,84.83333333333333,241.0462962962963,TH,13.7563,100.5018,4.0,648,0.004
th_bangkok,6,29.369027777777777,3.723333333333333,2.6877222222222223,75.29861111111111,1007.8584722222222,85.2875,232.30555555555554,TH,13.7563,100.5018,4.0,720,0.004
th_bangkok,7,28.645833333333332,4.664516129032258,2.8715860215053763,75.45430107526882,1007.1120967741936,87.97849462365592,182.9744623655914,TH,13.7563,100.5018,4.0,744,0.004
th_bangkok,8,28.175,4.812903225806451,3.121532258064516,79.06451612903226,1007.4159946236559,94.93010752688173,180.28494623655914,TH,13.7563,100.5018,4.0,744,0.004
th_chiang_mai,5,27.875925925925923,3.5962962962962957,1.2496604938271605,76.91975308641975,972.8998456790123,73.07407407407408,214.3719135802469,TH,18.7883,98.9853,313.0,648,0.313
th_chiang_mai,6,27.091666666666665,4.663333333333334,1.5536388888888888,79.34166666666667,972.3831944444445,83.17916666666666,192.80138888888888,TH,18.7883,98.9853,313.0,720,0.313
th_chiang_mai,7,26.01827956989247,7.096774193548388,1.2672043010752687,86.26612903225806,971.3022849462366,94.39516129032258,149.10752688172042,TH,18.7883,98.9853,313.0,744,0.313
th_chiang_mai,8,26.06962365591398,9.070967741935483,1.2663440860215054,87.28629032258064,971.396370967742,92.25672043010752,147.8266129032258,TH,18.7883,98.9853,313.0,744,0.313
th_chiang_rai,5,27.12824074074074,8.796296296296298,1.2551234567901235,82.64351851851852,963.8554012345679,72.30555555555556,232.1435185185185,TH,19.9105,99.8406,397.0,648,0.397
th_chiang_rai,6,27.277083333333334,7.723333333333334,1.733513888888889,80.08472222222223,962.8461111111111,86.5375,211.23194444444445,TH,19.9105,99.8406,397.0,720,0.397
th_chiang_rai,7,25.716801075268815,14.303225806451612,1.304287634408602,89.08870967741936,961.7935483870968,93.68145161290323,147.71774193548387,TH,19.9105,99.8406,397.0,744,0.397
th_chiang_rai,8,26.168413978494623,13.522580645161291,1.3606720430107528,87.60349462365592,961.7403225806452,90.53897849462365,161.61693548387098,TH,19.9105,99.8406,397.0,744,0.397
th_doi_inthanon,5,13.358487654320987,9.200000000000001,1.1375925925925925,84.18518518518519,750.0961419753086,81.72376543209876,207.35956790123456,TH,18.5883,98.4867,2564.0,648,2.564
th_doi_inthanon,6,12.960972222222221,9.956666666666665,1.6345138888888888,85.11111111111111,749.5516666666666,87.84444444444445,175.84444444444443,TH,18.5883,98.4867,2564.0,720,2.564
th_doi_inthanon,7,12.300537634408602,10.67741935483871,1.7035215053763442,88.86290322580645,748.3043010752689,95.74059139784946,143.7768817204301,TH,18.5883,98.4867,2564.0,744,2.564
th_doi_inthanon,8,12.485349462365592,11.05483870967742,1.6808467741935482,89.61290322580645,748.5373655913979,94.47715053763442,130.48655913978496,TH,18.5883,98.4867,2564.0,744,2.564
th_khao_kho,5,23.22222222222222,18.214814814814815,1.1148456790123455,89.93518518518519,910.208950617284,87.75154320987654,216.2283950617284,TH,16.6346,100.995,908.0,648,0.908
th_khao_kho,6,23.1475,11.596666666666666,1.630875,89.07916666666667,909.9862499999999,87.87222222222222,212.35694444444445,TH,16.6346,100.995,908.0,720,0.908
th_khao_kho,7,22.18293010752688,19.006451612903227,1.733736559139785,91.8225806451613,908.7157258064516,93.9475806451613,158.8481182795699,TH,16.6346,100.995,908.0,744,0.908
th_khao_kho,8,22.09771505376344,17.4741935483871,1.925241935483871,93.20161290322581,908.717876344086,94.01344086021506,130.17069892473117,TH,16.6346,100.995,908.0,744,0.908
th_mae_hong_son,5,27.57283950617284,8.922222222222222,1.299567901234568,82.92592592592592,979.8561728395063,76.02314814814815,214.375,TH,19.302,97.9654,260.0,648,0.26
th_mae_hong_son,6,26.33152777777778,6.693333333333333,1.698125,87.94305555555556,979.4919444444444,87.40416666666667,176.6472222222222,TH,19.302,97.9654,260.0,720,0.26
th_mae_hong_son,7,25.547580645161293,10.096774193548388,1.5727822580645163,91.34274193548387,978.6448924731184,94.13440860215054,140.94892473118279,TH,19.302,97.9654,260.0,744,0.26
th_mae_hong_son,8,25.40806451612903,12.832258064516129,1.4738037634408603,93.05779569892474,978.8182795698925,94.06854838709677,127.0510752688172,TH,19.302,97.9654,260.0,744,0.26
th_phuket,5,28.276388888888885,11.91851851851852,4.859320987654321,81.10648148148148,1008.5875,91.68672839506173,203.8256172839506,TH,7.8804,98.3923,6.0,648,0.006
th_phuket,6,27.964583333333334,9.889999999999999,4.3806666666666665,81.6,1009.9316666666667,86.2611111111111,211.2125,TH,7.8804,98.3923,6.0,720,0.006
th_phuket,7,28.3244623655914,5.829032258064516,5.051008064516129,78.87231182795699,1009.4087365591397,76.21236559139786,218.96908602150538,TH,7.8804,98.3923,6.0,744,0.006
th_phuket,8,28.52594086021505,4.306451612903226,5.610551075268817,77.8508064516129,1009.891935483871,84.56854838709677,237.48790322580646,TH,7.8804,98.3923,6.0,744,0.006
vn_da_lat,5,20.25864197530864,9.55925925925926,1.3194753086419753,86.79166666666667,852.078086419753,81.88734567901234,232.44907407407408,VN,11.9404,108.4583,1507.0,648,1.507
vn_da_lat,6,20.02166666666667,9.926666666666668,1.6376249999999999,88.975,852.0829166666666,81.42222222222222,223.6513888888889,VN,11.9404,108.4583,1507.0,720,1.507
vn_da_lat,7,19.517607526881722,9.203225806451613,2.3828897849462365,88.36962365591398,850.9091397849463,83.19086021505376,199.71505376344086,VN,11.9404,108.4583,1507.0,744,1.507
vn_da_lat,8,19.68051075268817,3.3709677419354835,3.845645161290322,86.6491935483871,850.8420698924731,87.67069892473118,203.65456989247312,VN,11.9404,108.4583,1507.0,744,1.507
vn_da_nang,5,29.262654320987654,1.6666666666666667,2.024043209876543,81.8503086419753,1007.220524691358,62.48765432098765,269.537037037037,VN,16.0544,108.2022,6.0,648,0.006
vn_da_nang,6,30.863194444444446,2.3433333333333333,1.9291111111111112,72.675,1005.7369444444444,73.67916666666666,272.00416666666666,VN,16.0544,108.2022,6.0,720,0.006
vn_da_nang,7,29.41693548387097,3.645161290322581,2.062258064516129,75.75940860215054,1004.3095430107528,81.81451612903226,213.21370967741936,VN,16.0544,108.2022,6.0,744,0.006
vn_da_nang,8,30.103897849462363,4.106451612903226,1.9063844086021504,72.97043010752688,1002.8036290322581,88.30779569892474,217.81989247311827,VN,16.0544,108.2022,6.0,744,0.006
vn_fansipan,5,10.874537037037037,6.833333333333333,1.1361728395061728,83.80092592592592,704.0237654320988,68.62808641975309,207.97993827160494,VN,22.3033,103.775,3102.0,648,3.102
vn_fansipan,6,11.161111111111111,12.116666666666667,1.1478194444444443,85.27777777777777,703.1355555555555,95.7875,166.0402777777778,VN,22.3033,103.775,3102.0,720,3.102
vn_fansipan,7,11.133064516129032,13.5,0.9911559139784946,87.66263440860214,702.1319892473118,92.95161290322581,167.58602150537635,VN,22.3033,103.775,3102.0,744,3.102
vn_fansipan,8,11.630779569892471,14.94516129032258,0.7688306451612903,86.02822580645162,702.3877688172043,88.74193548387096,182.8965053763441,VN,22.3033,103.775,3102.0,744,3.102
vn_hanoi,5,28.65324074074074,6.581481481481481,2.3800925925925926,79.8641975308642,1004.0486111111111,66.70679012345678,218.85185185185185,VN,21.0278,105.8342,18.0,648,0.018
vn_hanoi,6,29.96027777777778,5.253333333333333,1.935638888888889,75.49722222222222,1001.6670833333334,88.33055555555555,210.07083333333333,VN,21.0278,105.8342,18.0,720,0.018
vn_hanoi,7,28.4375,11.364516129032257,1.5018682795698926,84.15322580645162,1000.571505376344,90.22849462365592,183.90322580645162,VN,21.0278,105.8342,18.0,744,0.018
vn_hanoi,8,28.674193548387095,17.864516129032257,1.993481182795699,85.19354838709677,999.6799731182796,84.66397849462365,187.3252688172043,VN,21.0278,105.8342,18.0,744,0.018
vn_sa_pa,5,21.22530864197531,6.833333333333333,1.1361728395061728,84.87808641975309,849.321450617284,68.62808641975309,207.97993827160494,VN,22.3364,103.8438,1514.0,648,1.514
vn_sa_pa,6,21.514166666666668,12.116666666666667,1.1478194444444443,86.26527777777778,848.0859722222223,95.7875,166.0402777777778,VN,22.3364,103.8438,1514.0,720,1.514
vn_sa_pa,7,21.483467741935485,13.5,0.9911559139784946,88.48387096774194,846.8889784946236,92.95161290322581,167.58602150537635,VN,22.3364,103.8438,1514.0,744,1.514
vn_sa_pa,8,21.981048387096774,14.94516129032258,0.7688306451612903,86.98655913978494,846.9270161290322,88.74193548387096,182.8965053763441,VN,22.3364,103.8438,1514.0,744,1.514
