location_id,year,month,temperature_2m,precipitation,wind_speed_10m,relative_humidity_2m,surface_pressure,cloud_cover,shortwave_radiation,hours
lk_batticaloa,2020,1,25.923790322580643,2.1322580645161286,2.7871505376344086,81.64381720430107,1011.2731182795699,55.57392473118279,216.96639784946237,744
lk_batticaloa,2020,2,26.25804597701149,1.7862068965517242,3.116163793103448,78.95977011494253,1011.6584770114944,57.992816091954026,227.68965517241378,696
lk_batticaloa,2020,3,27.4255376344086,0.22258064516129034,2.4243817204301075,75.50537634408602,1010.0978494623656,55.60215053763441,271.11424731182797,744
lk_batticaloa,2020,4,28.7675,1.2466666666666666,2.211888888888889,76.22361111111111,1009.3588888888889,46.390277777777776,272.1375,720
lk_batticaloa,2020,5,29.288844086021506,3.7129032258064516,2.1604435483870965,76.8010752688172,1006.2430107526882,75.23790322580645,240.73924731182797,744
lk_batticaloa,2020,6,29.81763888888889,2.67,2.523486111111111,68.61805555555556,1005.6513888888888,77.50138888888888,240.78333333333333,720
lk_batticaloa,2020,7,28.68938172043011,3.212903225806451,1.9278494623655913,75.3763440860215,1005.674193548387,87.35215053763442,228.32123655913978,744
lk_batticaloa,2020,8,29.57916666666667,0.5709677419354838,2.971088709677419,65.5524193548387,1006.2653225806451,75.58467741935483,254.80645161290323,744
lk_batticaloa,2020,9,28.113472222222224,4.533333333333333,2.259916666666667,76.7875,1006.8768055555556,85.12361111111112,215.4763888888889,720
lk_batticaloa,2020,10,28.986962365591395,1.535483870967742,3.0450672043010756,67.10887096774194,1006.6081989247311,71.81317204301075,257.2244623655914,744
lk_batticaloa,2020,11,26.351527777777775,5.64,2.307361111111111,85.81805555555556,1009.2987499999999,81.22777777777777,186.65694444444443,720
lk_batticaloa,2020,12,25.378091397849463,13.00967741935484,2.5680510752688175,87.7997311827957,1009.413440860215,78.84946236559139,160.4005376344086,744
lk_batticaloa,2021,1,25.31290322580645,10.422580645161291,2.375497311827957,86.77284946236558,1009.3508064516129,83.18548387096774,164.08602150537635,744
lk_batticaloa,2021,2,25.698809523809523,1.9785714285714286,2.7264583333333334,81.94345238095238,1010.5558035714286,62.629464285714285,223.99107142857142,672
lk_batticaloa,2021,3,26.80255376344086,2.225806451612903,2.001236559139785,80.86962365591398,1009.513440860215,62.43817204301075,233.06586021505376,744
lk_batticaloa,2021,4,28.10625,2.16,1.633541666666667,79.175,1008.6165277777778,48.647222222222226,271.51944444444445,720
lk_batticaloa,2021,5,28.60672043010753,3.361290322580645,2.352258064516129,77.61424731182795,1006.6579301075269,79.83467741935483,238.39112903225808,744
lk_batticaloa,2021,6,29.557777777777776,1.0466666666666666,2.7768333333333333,66.44305555555556,1006.916388888889,73.72638888888889,255.6486111111111,720
lk_batticaloa,2021,7,29.671102150537635,1.4419354838709677,3.355309139784946,64.91801075268818,1005.967876344086,79.51881720430107,236.80510752688173,744
lk_batticaloa,2021,8,29.356586021505375,1.9741935483870967,2.786639784946237,65.93548387096774,1006.940188172043,93.42204301075269,229.66263440860214,744
lk_batticaloa,2021,9,28.825972222222223,2.7466666666666666,2.322236111111111,72.30694444444444,1006.5156944444445,77.96388888888889,239.74583333333334,720
lk_batticaloa,2021,10,27.440860215053764,6.632258064516128,2.11619623655914,80.65994623655914,1007.3837365591398,81.38844086021506,212.61290322580646,744
lk_batticaloa,2021,11,26.205833333333334,11.563333333333333,2.0752916666666668,87.08194444444445,1007.3883333333333,81.15277777777777,175.99722222222223,720
lk_batticaloa,2021,12,25.847983870967745,3.4580645161290327,2.332768817204301,84.24193548387096,1010.9853494623655,53.956989247311824,195.09543010752688,744
lk_batticaloa,2022,1,25.284274193548388,4.790322580645161,2.366290322580645,85.37231182795699,1010.5518817204301,67.04301075268818,205.07258064516128,744
lk_batticaloa,2022,2,25.79642857142857,3.446428571428571,2.357693452380952,81.22767857142857,1009.6994047619048,65.86755952380952,221.52083333333334,672
lk_batticaloa,2022,3,27.009543010752687,2.2548387096774194,2.2058870967741937,81.98924731182795,1008.0342741935484,56.16263440860215,242.86559139784947,744
lk_batticaloa,2022,4,27.714027777777776,5.216666666666667,1.5912222222222223,82.28055555555555,1007.78,59.266666666666666,257.3569444444444,720
lk_batticaloa,2022,5,29.403225806451612,1.4129032258064516,2.4228897849462365,72.54569892473118,1005.1825268817205,74.67204301075269,248.36693548387098,744
lk_batticaloa,2022,6,29.184861111111108,2.183333333333333,2.3980416666666664,70.2,1005.5019444444445,83.54166666666667,240.30277777777778,720
lk_batticaloa,2022,7,29.088844086021503,3.5870967741935487,3.288508064516129,67.84274193548387,1005.4701612903226,83.6975806451613,222.89112903225808,744
lk_batticaloa,2022,8,28.425,2.661290322580645,3.1504301075268817,70.17338709677419,1005.6762096774194,86.0725806451613,243.69489247311827,744
lk_batticaloa,2022,9,28.662222222222223,1.6,2.2296388888888887,71.04722222222222,1007.102361111111,69.59166666666667,257.7888888888889,720
lk_batticaloa,2022,10,27.171102150537635,8.412903225806451,2.461962365591398,79.11559139784946,1008.0845430107527,80.85752688172043,210.88037634408602,744
lk_batticaloa,2022,11,25.889166666666668,10.666666666666666,2.0863194444444444,85.09722222222223,1009.2418055555555,79.00416666666666,188.1125,720
lk_batticaloa,2022,12,25.20456989247312,11.335483870967742,2.846801075268817,86.01209677419355,1008.9771505376344,81.28091397849462,163.03360215053763,744
lk_batticaloa,2023,1,24.898118279569893,5.945161290322581,2.940927419354839,82.375,1011.1237903225806,78.5510752688172,188.46639784946237,744
lk_batticaloa,2023,2,25.347470238095237,3.4250000000000007,2.6544791666666665,83.21428571428571,1010.7869047619048,65.93303571428571,217.26488095238096,672
lk_batticaloa,2023,3,26.749059139784944,2.5870967741935487,2.2306048387096773,83.13172043010752,1010.0866935483871,64.04301075268818,246.91129032258064,744
lk_batticaloa,2023,4,28.331666666666667,2.7133333333333334,2.0035,78.70694444444445,1008.3558333333333,45.09027777777778,267.7055555555556,720
lk_batticaloa,2023,5,28.72755376344086,4.129032258064516,1.6158467741935485,81.58467741935483,1007.6641129032258,64.27553763440861,244.51209677419354,744
lk_batticaloa,2023,6,30.556111111111115,0.9633333333333334,2.748222222222222,64.39027777777778,1006.1438888888889,74.78194444444445,258.6069444444444,720
lk_batticaloa,2023,7,30.450940860215052,0.4806451612903226,3.5074462365591397,60.428763440860216,1006.8849462365591,78.39516129032258,230.19489247311827,744
lk_batticaloa,2023,8,30.183736559139785,1.3774193548387097,2.188534946236559,66.44489247311827,1007.5930107526881,71.00403225806451,270.94086021505376,744
lk_batticaloa,2023,9,28.124583333333334,8.486666666666666,1.4899583333333333,80.46111111111111,1007.6447222222222,80.71666666666667,229.62083333333334,720
lk_batticaloa,2023,10,27.013037634408605,13.638709677419353,1.4696774193548388,85.50268817204301,1010.1899193548388,75.87768817204301,217.63575268817203,744
lk_batticaloa,2023,11,26.219444444444445,14.683333333333334,1.6300138888888887,89.71111111111111,1009.7373611111111,82.78472222222223,175.38194444444446,720
lk_batticaloa,2023,12,26.167473118279567,12.338709677419356,2.5478629032258064,89.20161290322581,1010.0412634408601,82.41935483870968,162.6720430107527,744
lk_batticaloa,2024,1,25.990591397849464,5.835483870967742,2.4572715053763443,84.03494623655914,1011.6258064516129,62.806451612903224,185.0981182795699,744
lk_batticaloa,2024,2,26.926724137931036,1.706896551724138,2.9188218390804597,81.1853448275862,1011.9998563218392,49.410919540229884,239.54022988505747,696
lk_batticaloa,2024,3,27.52956989247312,1.741935483870968,2.1928897849462365,79.93279569892474,1010.7676075268816,52.375,266.64516129032256,744
lk_batticaloa,2024,4,29.05236111111111,1.45,2.3372083333333333,79.30694444444444,1007.6430555555555,61.74305555555556,272.8958333333333,720
lk_batticaloa,2024,5,29.32540322580645,5.909677419354838,2.1965456989247314,78.82795698924731,1005.2956989247311,83.79838709677419,231.2231182795699,744
lk_batticaloa,2024,6,29.690277777777776,1.1833333333333333,2.3208611111111113,71.51527777777778,1006.3287499999999,78.78055555555555,238.61944444444444,720
lk_batticaloa,2024,7,30.621908602150537,0.7129032258064516,3.6858467741935486,62.081989247311824,1005.7184139784946,79.01344086021506,246.64247311827958,744
lk_batticaloa,2024,8,29.14744623655914,3.483870967741936,1.928965053763441,72.73387096774194,1006.957123655914,81.10483870967742,238.0981182795699,744
lk_batticaloa,2024,9,30.61652777777778,1.0499999999999998,3.0568194444444443,60.19583333333333,1006.5354166666667,73.47638888888889,258.1875,720
lk_batticaloa,2024,10,27.668817204301074,7.193548387096774,1.560725806451613,82.47177419354838,1008.2903225806451,74.90860215053763,208.93951612903226,744
lk_batticaloa,2024,11,26.1075,18.80666666666667,2.5080694444444442,87.87083333333334,1007.9655555555555,78.16111111111111,166.75833333333333,720
lk_batticaloa,2024,12,26.136559139784943,9.687096774193549,2.270672043010753,85.77688172043011,1008.9971774193549,74.32930107526882,189.42876344086022,744
lk_batticaloa,2025,1,25.26559139784946,12.116129032258065,2.97627688172043,86.73387096774194,1009.9345430107528,88.02150537634408,152.125,744
lk_batticaloa,2025,2,26.144494047619045,3.0857142857142863,2.536488095238095,79.80059523809524,1010.9427083333334,55.69047619047619,236.55357142857142,672
lk_batticaloa,2025,3,26.946908602150536,2.4548387096774196,2.032822580645161,83.10349462365592,1009.4385752688173,62.115591397849464,251.2271505376344,744
lk_batticaloa,2025,4,27.912083333333335,5.096666666666667,1.5245416666666667,83.21666666666667,1007.9865277777778,65.22916666666667,248.89166666666668,720
lk_batticaloa,2025,5,29.361290322580643,1.3903225806451613,2.603494623655914,74.14112903225806,1005.7318548387096,75.25940860215054,246.69354838709677,744
lk_batticaloa,2025,6,30.718611111111112,0.30333333333333334,3.470736111111111,58.625,1006.2844444444445,76.35,243.55138888888888,720
lk_batticaloa,2025,7,30.80793010752688,0.27741935483870966,4.205551075268817,56.44086021505376,1005.8166666666666,76.83467741935483,237.03763440860214,744
lk_batticaloa,2025,8,29.562634408602147,1.7032258064516128,2.9465860215053765,65.375,1006.7569892473118,74.95430107526882,257.5443548387097,744
lk_batticaloa,2025,9,29.914444444444445,1.4266666666666665,2.717041666666667,63.602777777777774,1006.9634722222222,79.94444444444444,243.86666666666667,720
lk_batticaloa,2025,10,27.93051075268817,4.590322580645162,2.0775806451612904,77.60887096774194,1007.7701612903226,69.24462365591398,229.23387096774192,744
lk_batticaloa,2025,11,26.414444444444445,17.10666666666667,2.5150277777777776,84.34583333333333,1009.1869444444444,76.4888888888889,174.27083333333334,720
lk_batticaloa,2025,12,25.396908602150535,5.67741935483871,2.6028763440860216,86.81854838709677,1010.2380376344086,71.75940860215054,178.66666666666666,744
lk_colombo,2020,1,27.50967741935484,0.3258064516129032,2.458494623655914,70.65725806451613,1010.2903225806451,44.95295698924731,237.69354838709677,744
lk_colombo,2020,2,28.8566091954023,0.5137931034482759,2.1078304597701147,64.94971264367815,1010.2936781609196,46.49425287356322,257.9152298850575,696
lk_colombo,2020,3,29.05994623655914,0.9935483870967742,1.7033064516129033,70.33736559139786,1009.5751344086021,53.60349462365591,264.3346774193548,744
lk_colombo,2020,4,28.351944444444445,4.430000000000001,1.5413194444444445,78.70277777777778,1009.4556944444444,51.49583333333333,253.88333333333333,720
lk_colombo,2020,5,27.68212365591398,8.348387096774193,2.6733064516129033,85.52150537634408,1007.6690860215054,86.54032258064517,183.372311827957,744
lk_colombo,2020,6,27.343194444444443,7.573333333333332,2.7545277777777777,85.1,1007.5945833333333,84.64444444444445,197.51666666666668,720
lk_colombo,2020,7,26.73467741935484,7.693548387096774,2.625524193548387,86.20564516129032,1007.2552419354839,92.43682795698925,181.54166666666666,744
lk_colombo,2020,8,26.709005376344088,7.522580645161289,2.6843279569892475,85.37768817204301,1008.2501344086021,80.85349462365592,210.66666666666666,744
lk_colombo,2020,9,26.07472222222222,12.673333333333332,2.7437916666666666,87.56666666666666,1008.6877777777777,92.97638888888889,161.84305555555557,720
lk_colombo,2020,10,26.667876344086025,3.7709677419354843,2.472459677419355,84.84677419354838,1008.3930107526882,80.41801075268818,206.9986559139785,744
lk_colombo,2020,11,26.442777777777778,10.243333333333332,1.773625,84.58611111111111,1009.3620833333333,81.6986111111111,196.30555555555554,720
lk_colombo,2020,12,25.835752688172043,5.716129032258064,2.4034408602150537,83.5510752688172,1009.2770161290322,71.39381720430107,183.68145161290323,744
lk_colombo,2021,1,25.74274193548387,8.712903225806453,2.0038440860215054,83.45295698924731,1008.8880376344085,78.86827956989248,183.96908602150538,744
lk_colombo,2021,2,27.32410714285714,0.25,2.784672619047619,70.5327380952381,1009.7247023809524,50.18154761904762,250.9970238095238,672
lk_colombo,2021,3,26.94529569892473,7.938709677419354,1.3370833333333332,81.39784946236558,1009.2470430107528,69.27956989247312,232.49462365591398,744
lk_colombo,2021,4,27.159444444444443,3.413333333333333,1.927875,84.28888888888889,1009.2627777777777,58.07222222222222,242.68333333333334,720
lk_colombo,2021,5,27.201075268817203,13.674193548387095,2.505725806451613,85.44086021505376,1007.9021505376344,84.43951612903226,191.43279569892474,744
lk_colombo,2021,6,26.83666666666667,6.736666666666666,2.770208333333333,85.5111111111111,1008.8581944444445,82.18055555555556,200.40694444444443,720
lk_colombo,2021,7,26.68588709677419,8.62258064516129,3.158736559139785,85.77284946236558,1008.1606182795699,86.22715053763442,197.98387096774192,744
lk_colombo,2021,8,26.439919354838707,6.887096774193549,2.9186290322580644,85.93817204301075,1008.9680107526881,92.30779569892474,190.88844086021504,744
lk_colombo,2021,9,26.616944444444446,6.3566666666666665,2.732888888888889,85.77916666666667,1008.3804166666667,85.66805555555555,199.42361111111111,720
lk_colombo,2021,10,26.369758064516127,12.774193548387096,2.2393951612903225,86.81586021505376,1008.5549731182796,86.49462365591398,178.20430107526883,744
lk_colombo,2021,11,25.834166666666665,15.286666666666665,2.029861111111111,87.58055555555555,1008.134861111111,88.49722222222222,154.2236111111111,720
lk_colombo,2021,12,26.31962365591398,1.9161290322580644,2.0683602150537634,80.23252688172043,1010.450806451613,47.26881720430107,214.99462365591398,744
lk_colombo,2022,1,27.162096774193547,0.7032258064516129,2.3101881720430106,71.98118279569893,1009.8254032258064,56.086021505376344,231.01209677419354,744
lk_colombo,2022,2,27.265922619047622,2.1285714285714286,2.2340029761904763,70.38095238095238,1008.9703869047619,55.33779761904762,246.59375,672
lk_colombo,2022,3,28.290994623655912,1.4935483870967743,2.2016263440860215,72.8010752688172,1008.0756720430109,57.44758064516129,241.60887096774192,744
lk_colombo,2022,4,27.127083333333335,7.936666666666667,1.7685833333333334,85.08472222222223,1008.2722222222222,71.0125,214.84583333333333,720
lk_colombo,2022,5,26.94838709677419,14.874193548387098,3.4593682795698926,87.58467741935483,1007.252688172043,85.2486559139785,183.3965053763441,744
lk_colombo,2022,6,26.733194444444447,7.68,2.892958333333333,86.01388888888889,1007.4916666666667,90.22361111111111,190.80416666666667,720
lk_colombo,2022,7,26.69838709677419,5.32258064516129,2.792056451612903,84.93010752688173,1007.3192204301075,88.17069892473118,198.67876344086022,744
lk_colombo,2022,8,26.25698924731183,8.493548387096775,3.312056451612903,85.53091397849462,1007.6448924731184,89.3736559139785,200.85752688172042,744
lk_colombo,2022,9,26.370416666666667,4.71,2.8511111111111114,84.85138888888889,1009.0063888888889,77.09027777777777,212.69861111111112,720
lk_colombo,2022,10,25.924193548387095,11.793548387096775,2.203010752688172,87.3225806451613,1009.209811827957,84.93548387096774,177.94892473118279,744
lk_colombo,2022,11,25.839444444444446,7.876666666666667,1.749263888888889,84.60972222222222,1009.4733333333334,82.81388888888888,185.15555555555557,720
lk_colombo,2022,12,25.624865591397853,5.338709677419355,2.3821639784946234,82.68010752688173,1009.0422043010753,77.21102150537635,177.06854838709677,744
lk_colombo,2023,1,25.56760752688172,2.6129032258064515,2.926801075268817,76.10215053763442,1010.418817204301,67.31451612903226,216.66666666666666,744
lk_colombo,2023,2,26.54747023809524,2.7285714285714286,1.946547619047619,77.17559523809524,1009.977380952381,63.279761904761905,229.76636904761904,672
lk_colombo,2023,3,27.144220430107527,3.5225806451612907,1.5284408602150539,80.57795698924731,1009.7065860215054,59.16532258064516,245.3494623655914,744
lk_colombo,2023,4,27.86777777777778,6.513333333333334,1.5625833333333332,79.675,1008.5254166666667,49.981944444444444,243.80555555555554,720
lk_colombo,2023,5,27.50282258064516,6.719354838709677,2.558279569892473,86.35483870967742,1009.0443548387096,74.09139784946237,196.43548387096774,744
lk_colombo,2023,6,27.10361111111111,8.6,2.9427222222222227,87.33472222222223,1008.4804166666667,85.57916666666667,194.2111111111111,720
lk_colombo,2023,7,26.889516129032256,7.180645161290323,2.978037634408602,86.3225806451613,1009.240994623656,80.57661290322581,192.56182795698925,744
lk_colombo,2023,8,27.11411290322581,3.874193548387097,2.964758064516129,83.81182795698925,1009.591935483871,76.24462365591398,227.45564516129033,744
lk_colombo,2023,9,26.096527777777776,14.483333333333333,3.1136805555555553,88.5875,1009.5093055555554,89.28611111111111,163.80833333333334,720
lk_colombo,2023,10,25.946639784946235,18.725806451612904,1.9436290322580645,89.21774193548387,1010.9045698924731,87.49596774193549,168.81182795698925,744
lk_colombo,2023,11,26.15625,18.66,1.2895555555555556,88.56666666666666,1009.8297222222222,87.09166666666667,165.12083333333334,720
lk_colombo,2023,12,26.475134408602152,11.05483870967742,2.121021505376344,86.23924731182795,1009.6686827956989,79.62231182795699,171.09677419354838,744
lk_colombo,2024,1,26.596102150537636,4.638709677419355,2.089059139784946,80.3763440860215,1010.9142473118279,52.06182795698925,214.30241935483872,744
lk_colombo,2024,2,28.751149425287355,0.617241379310345,2.0872701149425286,69.8419540229885,1010.9219827586206,48.50574712643678,256.19971264367814,696
lk_colombo,2024,3,29.057526881720428,1.9774193548387098,1.5628897849462364,71.90994623655914,1010.319623655914,44.833333333333336,260.38709677419354,744
lk_colombo,2024,4,28.6425,5.510000000000001,1.5677222222222222,81.74305555555556,1007.7025000000001,69.26805555555555,248.73055555555555,720
lk_colombo,2024,5,27.667069892473116,17.629032258064516,2.8486290322580645,87.59139784946237,1006.5897849462366,90.73387096774194,171.53091397849462,744
lk_colombo,2024,6,27.074027777777776,9.253333333333334,3.3483055555555556,86.9,1008.2420833333334,84.21527777777777,184.7736111111111,720
lk_colombo,2024,7,27.193817204301077,7.845161290322581,2.6936290322580643,85.95564516129032,1007.8868279569894,84.88575268817205,193.3991935483871,744
lk_colombo,2024,8,26.87217741935484,14.861290322580647,2.8454569892473116,84.93682795698925,1008.5079301075269,86.14112903225806,192.43145161290323,744
lk_colombo,2024,9,27.195138888888888,7.013333333333334,2.895111111111111,84.32916666666667,1008.5518055555556,81.70833333333333,212.14027777777778,720
lk_colombo,2024,10,26.550940860215057,11.183870967741935,2.19616935483871,86.20564516129032,1009.292741935484,82.66532258064517,181.7701612903226,744
lk_colombo,2024,11,26.139444444444447,17.08,2.1474027777777778,86.52638888888889,1008.35625,78.57638888888889,158.49722222222223,720
lk_colombo,2024,12,26.466129032258063,2.5935483870967744,2.1739516129032257,81.70833333333333,1009.066935483871,72.20564516129032,200.2311827956989,744
lk_colombo,2025,1,25.693413978494625,5.267741935483872,2.949529569892473,82.19623655913979,1009.1615591397849,82.26881720430107,166.78763440860214,744
lk_colombo,2025,2,27.339583333333334,1.1678571428571431,1.9392113095238097,72.90922619047619,1010.0596726190475,50.089285714285715,255.57440476190476,672
lk_colombo,2025,3,27.23145161290323,2.893548387096774,1.3970564516129034,80.58333333333333,1009.2405913978495,59.663978494623656,242.15456989247312,744
lk_colombo,2025,4,27.284444444444443,7.869999999999999,1.9975416666666668,85.51944444444445,1008.6018055555556,70.05694444444444,225.0888888888889,720
lk_colombo,2025,5,27.634408602150536,7.458064516129031,2.8709274193548384,84.86021505376344,1007.3370967741936,84.0510752688172,195.89247311827958,744
lk_colombo,2025,6,27.192222222222224,8.423333333333332,2.8969444444444448,85.29166666666667,1008.5066666666668,79.95138888888889,197.65833333333333,720
lk_colombo,2025,7,27.0,6.338709677419354,3.0461962365591395,84.71774193548387,1008.2134408602151,78.49327956989248,210.75537634408602,744
lk_colombo,2025,8,26.581989247311828,4.248387096774194,2.755,84.90725806451613,1008.818817204301,82.29838709677419,216.41666666666666,744
lk_colombo,2025,9,26.829722222222223,5.67,2.7255,84.18472222222222,1008.9979166666667,85.17083333333333,212.5402777777778,720
lk_colombo,2025,10,26.489247311827956,16.1,1.8258333333333334,85.88978494623656,1008.727688172043,81.34946236559139,186.69623655913978,744
lk_colombo,2025,11,25.882916666666667,21.046666666666667,2.4511944444444445,85.50416666666666,1009.7686111111111,81.42083333333333,162.1652777777778,720
lk_colombo,2025,12,25.956451612903223,3.861290322580645,2.7575672043010755,81.09811827956989,1009.7099462365591,58.708333333333336,202.61827956989248,744
lk_galle,2020,1,27.04543010752688,0.7064516129032258,1.4368279569892473,77.69354838709677,1011.1801075268817,54.03360215053763,240.49327956989248,744
lk_galle,2020,2,27.81005747126437,1.2517241379310344,1.604094827586207,72.1896551724138,1011.2951149425288,49.827586206896555,257.08764367816093,696
lk_galle,2020,3,28.100806451612904,1.8806451612903228,1.8209005376344085,74.91263440860214,1010.5927419354839,52.55107526881721,272.0739247311828,744
lk_galle,2020,4,27.986666666666668,6.340000000000002,1.703486111111111,80.53611111111111,1010.4633333333333,53.702777777777776,258.425,720
lk_galle,2020,5,27.57715053763441,10.287096774193547,3.291881720430107,85.81317204301075,1008.7516129032257,84.50537634408602,200.81586021505376,744
lk_galle,2020,6,27.393055555555556,6.583333333333334,3.932625,83.63055555555556,1008.6059722222222,81.2875,219.86111111111111,720
lk_galle,2020,7,26.79032258064516,8.890322580645162,3.5309005376344085,84.90994623655914,1008.3157258064516,91.84677419354838,194.3736559139785,744
lk_galle,2020,8,26.75739247311828,5.741935483870968,3.6191935483870967,84.79435483870968,1009.2133064516129,79.52688172043011,233.07930107526883,744
lk_galle,2020,9,26.172916666666666,10.91,3.622361111111111,86.73333333333333,1009.7080555555556,90.52638888888889,187.475,720
lk_galle,2020,10,26.72822580645161,3.919354838709677,3.957701612903226,84.1774193548387,1009.3379032258065,79.08602150537635,230.78494623655914,744
lk_galle,2020,11,26.59402777777778,9.613333333333332,1.870875,84.43333333333334,1010.2156944444445,81.12638888888888,209.9736111111111,720
lk_galle,2020,12,26.252150537634407,5.738709677419355,1.7554704301075268,83.97715053763442,1010.054435483871,72.19220430107526,202.07123655913978,744
lk_galle,2021,1,25.935080645161293,9.874193548387098,1.4607123655913978,85.19220430107526,1009.7084677419355,84.03763440860214,188.5188172043011,744
lk_galle,2021,2,26.527083333333334,2.3785714285714286,1.3658482142857142,82.36160714285714,1010.6364583333333,61.60267857142857,251.2842261904762,672
lk_galle,2021,3,26.813978494623655,5.745161290322581,1.4327553763440861,81.1747311827957,1010.2193548387096,70.0013440860215,237.375,744
lk_galle,2021,4,27.277916666666666,4.543333333333333,1.9748055555555555,83.39305555555555,1010.2620833333333,60.30972222222222,256.00694444444446,720
lk_galle,2021,5,27.379435483870967,13.77741935483871,3.252728494623656,84.3239247311828,1008.8865591397849,85.5725806451613,212.79301075268816,744
lk_galle,2021,6,26.865555555555556,7.703333333333333,4.032972222222222,84.34444444444445,1009.8654166666666,80.95833333333333,222.85833333333332,720
lk_galle,2021,7,26.718817204301075,8.351612903225806,4.60247311827957,84.43145161290323,1009.1662634408601,86.14112903225806,212.6733870967742,744
lk_galle,2021,8,26.299462365591395,8.461290322580647,4.0149596774193546,85.58870967741936,1009.9951612903226,93.49327956989248,207.3763440860215,744
lk_galle,2021,9,26.59736111111111,6.6466666666666665,3.8188194444444448,84.83611111111111,1009.4133333333333,83.8,220.14583333333334,720
lk_galle,2021,10,26.602688172043013,8.54516129032258,3.304771505376344,84.47043010752688,1009.5095430107526,84.41263440860214,200.82392473118279,744
lk_galle,2021,11,26.185555555555553,10.656666666666666,3.160763888888889,85.50416666666666,1008.9926388888888,85.3375,175.15694444444443,720
lk_galle,2021,12,26.235752688172045,4.158064516129032,1.3336693548387097,84.0241935483871,1011.3461021505376,58.32258064516129,214.15456989247312,744
lk_galle,2022,1,26.20766129032258,4.096774193548387,1.3741532258064517,83.06989247311827,1010.7872311827956,63.38172043010753,237.15456989247312,744
lk_galle,2022,2,26.679315476190474,2.646428571428572,1.3970089285714284,80.73214285714286,1009.8806547619048,64.98363095238095,248.65178571428572,672
lk_galle,2022,3,27.121639784946236,3.509677419354839,2.032486559139785,82.63709677419355,1009.0713709677419,58.513440860215056,246.04166666666666,744
lk_galle,2022,4,27.060138888888886,8.6,1.9366666666666668,84.89305555555555,1009.2691666666667,70.34444444444445,232.3361111111111,720
lk_galle,2022,5,26.926075268817204,13.938709677419356,4.3264381720430105,86.91935483870968,1008.3876344086021,84.08736559139786,204.26344086021504,744
lk_galle,2022,6,26.712083333333336,7.41,4.036652777777777,84.77777777777777,1008.5255555555556,89.24166666666666,208.35833333333332,720
lk_galle,2022,7,26.709811827956987,5.638709677419355,4.504072580645161,83.93682795698925,1008.2787634408603,88.13172043010752,215.68010752688173,744
lk_galle,2022,8,26.232795698924733,7.038709677419356,4.604206989247312,85.58467741935483,1008.6559139784946,89.13440860215054,225.61693548387098,744
lk_galle,2022,9,26.38222222222222,5.46,3.831263888888889,84.3875,1010.0147222222222,75.08611111111111,236.00833333333333,720
lk_galle,2022,10,26.03494623655914,8.703225806451613,3.5100940860215055,86.3225806451613,1010.1345430107526,83.26747311827957,199.36021505376345,744
lk_galle,2022,11,26.17666666666667,7.036666666666666,2.1375,84.1,1010.297638888889,81.3,198.04722222222222,720
lk_galle,2022,12,25.83521505376344,8.216129032258065,2.2549327956989247,84.5,1009.8174731182795,77.97983870967742,186.28629032258064,744
lk_galle,2023,1,25.59287634408602,5.619354838709677,1.4165188172043013,82.8736559139785,1011.1893817204301,78.60618279569893,219.65725806451613,744
lk_galle,2023,2,26.11845238095238,6.596428571428571,1.596502976190476,82.57291666666667,1010.9311011904762,69.50892857142857,233.5327380952381,672
lk_galle,2023,3,26.840725806451612,5.093548387096774,1.4116801075268817,83.53897849462365,1010.7106182795699,60.104838709677416,251.96370967741936,744
lk_galle,2023,4,27.347083333333334,6.743333333333334,1.4693611111111111,84.325,1009.5501388888889,54.66388888888889,248.60694444444445,720
lk_galle,2023,5,27.485752688172045,8.083870967741934,3.1044623655913974,85.48924731182795,1010.1072580645161,76.24327956989248,212.5483870967742,744
lk_galle,2023,6,27.047638888888887,8.79,4.045055555555556,86.59027777777777,1009.5419444444444,84.08472222222223,217.07638888888889,720
lk_galle,2023,7,26.886155913978495,7.570967741935485,4.168225806451613,85.93951612903226,1010.241935483871,80.08736559139786,209.55376344086022,744
lk_galle,2023,8,27.14758064516129,5.138709677419356,3.6051344086021504,83.9247311827957,1010.6744623655915,76.86155913978494,241.09408602150538,744
lk_galle,2023,9,26.27902777777778,16.506666666666664,3.0193333333333334,87.19027777777778,1010.6083333333333,88.84861111111111,179.30972222222223,720
lk_galle,2023,10,26.073655913978495,17.18387096774194,1.7545698924731183,88.2513440860215,1011.9016129032259,86.61155913978494,177.53629032258064,744
lk_galle,2023,11,26.30875,17.78666666666667,1.4960972222222222,87.68472222222222,1010.7444444444444,87.51944444444445,173.2,720
lk_galle,2023,12,26.67016129032258,14.874193548387098,1.696478494623656,85.81451612903226,1010.5586021505376,81.78360215053763,174.70967741935485,744
lk_galle,2024,1,26.608602150537635,5.209677419354839,1.399717741935484,82.86290322580645,1011.8118279569892,57.95967741935484,219.4220430107527,744
lk_galle,2024,2,27.85272988505747,1.4655172413793105,1.4407614942528735,77.316091954023,1011.9153735632184,53.349137931034484,257.27442528735634,696
lk_galle,2024,3,28.04233870967742,2.980645161290323,1.596236559139785,78.46102150537635,1011.3815860215054,49.95967741935484,264.258064516129,744
lk_galle,2024,4,28.301527777777775,5.543333333333334,1.6610277777777778,83.49722222222222,1008.7176388888888,70.50138888888888,251.06666666666666,720
lk_galle,2024,5,27.661155913978497,19.074193548387093,3.434206989247312,87.27822580645162,1007.7172043010752,92.11155913978494,189.47043010752688,744
lk_galle,2024,6,27.221527777777776,8.656666666666666,3.7661666666666664,85.7611111111111,1009.34875,81.48333333333333,213.3138888888889,720
lk_galle,2024,7,27.350403225806453,6.5612903225806445,3.768534946236559,84.48118279569893,1008.8577956989246,83.37903225806451,218.0779569892473,744
lk_galle,2024,8,26.96465053763441,11.390322580645162,3.3468817204301073,84.19623655913979,1009.6004032258064,86.10887096774194,205.05645161290323,744
lk_galle,2024,9,27.149861111111115,6.859999999999999,3.888444444444444,84.21944444444445,1009.6080555555557,82.94027777777778,225.6472222222222,720
lk_galle,2024,10,26.734005376344083,8.783870967741937,2.9036559139784948,85.49059139784946,1010.302688172043,82.12096774193549,195.75806451612902,744
lk_galle,2024,11,26.44097222222222,10.313333333333333,2.428541666666667,85.65833333333333,1009.1341666666666,79.16805555555555,178.89166666666668,720
lk_galle,2024,12,26.796774193548387,3.148387096774193,2.164932795698925,82.81048387096774,1009.8677419354839,72.3024193548387,213.39112903225808,744
lk_galle,2025,1,25.797580645161293,12.32258064516129,1.3101075268817204,86.05779569892474,1009.933064516129,85.09274193548387,167.09274193548387,744
lk_galle,2025,2,26.79642857142857,3.2571428571428576,1.460922619047619,79.5014880952381,1011.0360119047618,58.635416666666664,256.7395833333333,672
lk_galle,2025,3,27.03454301075269,4.696774193548387,1.5406854838709678,83.53763440860214,1010.2112903225806,64.25403225806451,242.8279569892473,744
lk_galle,2025,4,27.306111111111115,8.853333333333335,2.262027777777778,84.70972222222223,1009.6479166666667,69.06388888888888,232.2486111111111,720
lk_galle,2025,5,27.654032258064515,7.6,3.8415725806451615,84.29704301075269,1008.3668010752689,84.28494623655914,213.8481182795699,744
lk_galle,2025,6,27.201666666666668,6.52,4.139027777777778,84.49444444444444,1009.5083333333333,78.40555555555555,218.6486111111111,720
lk_galle,2025,7,26.904973118279568,5.645161290322581,4.788024193548387,84.50537634408602,1009.175,79.9475806451613,223.61290322580646,744
lk_galle,2025,8,26.659408602150535,3.8516129032258064,4.153870967741936,84.46774193548387,1009.7993279569891,80.06451612903226,236.09005376344086,744
lk_galle,2025,9,26.875138888888888,5.693333333333334,3.924888888888889,83.43333333333334,1009.9988888888888,82.80972222222222,227.84444444444443,720
lk_galle,2025,10,26.70927419354839,9.4,2.86372311827957,84.35618279569893,1009.6549731182796,80.18413978494624,204.53494623655914,744
lk_galle,2025,11,26.229166666666668,18.023333333333333,2.9972777777777777,84.04444444444445,1010.62125,81.14722222222223,176.49027777777778,720
lk_galle,2025,12,26.03951612903226,3.906451612903226,1.4096639784946237,85.33736559139786,1010.5221774193549,71.06451612903226,209.19623655913978,744
lk_jaffna,2020,1,26.32540322580645,0.22903225806451616,5.449650537634408,75.11021505376344,1011.8384408602151,39.638440860215056,222.627688172043,744
lk_jaffna,2020,2,26.88074712643678,0.2482758620689655,5.90308908045977,70.50287356321839,1012.1406609195402,45.88649425287356,251.98275862068965,696
lk_jaffna,2020,3,27.89744623655914,0.04516129032258065,4.419959677419355,71.75806451612904,1010.2690860215054,48.13306451612903,274.50940860215053,744
lk_jaffna,2020,4,29.49138888888889,0.5,3.946305555555556,74.24027777777778,1009.3052777777779,38.1625,272.25416666666666,720
lk_jaffna,2020,5,29.954301075268816,0.7451612903225807,5.555913978494624,76.48655913978494,1006.0163978494624,72.06989247311827,247.55241935483872,744
lk_jaffna,2020,6,29.432777777777776,1.8066666666666666,7.379222222222222,76.21805555555555,1005.1372222222222,81.31944444444444,244.2625,720
lk_jaffna,2020,7,28.487903225806452,3.2,5.980752688172044,78.96370967741936,1005.2989247311829,87.29435483870968,219.81048387096774,744
lk_jaffna,2020,8,28.41491935483871,1.538709677419355,7.2800940860215055,78.70295698924731,1005.938440860215,81.5524193548387,237.53897849462365,744
lk_jaffna,2020,9,27.864027777777775,3.7266666666666666,7.425222222222222,80.11111111111111,1006.38125,84.74444444444444,202.27777777777777,720
lk_jaffna,2020,10,28.18521505376344,1.7290322580645163,5.851948924731183,77.72311827956989,1006.5837365591399,66.1989247311828,238.46774193548387,744
lk_jaffna,2020,11,26.825416666666666,8.7,5.308458333333333,82.32777777777778,1009.6570833333333,79.41805555555555,165.24444444444444,720
lk_jaffna,2020,12,25.651881720430108,19.922580645161293,6.335645161290323,82.01075268817205,1009.9653225806451,76.73387096774194,147.2258064516129,744
lk_jaffna,2021,1,25.735752688172045,11.48709677419355,5.591814516129033,80.80913978494624,1009.9810483870968,73.25940860215054,174.3978494623656,744
lk_jaffna,2021,2,25.786755952380954,0.6678571428571428,5.533214285714286,73.2797619047619,1011.2593750000001,44.01190476190476,242.76339285714286,672
lk_jaffna,2021,3,27.85282258064516,0.1806451612903226,4.5725,73.11827956989248,1009.730376344086,40.340053763440864,270.4758064516129,744
lk_jaffna,2021,4,28.865555555555556,1.663333333333333,4.880541666666667,77.14583333333333,1008.416388888889,39.206944444444446,267.59583333333336,720
lk_jaffna,2021,5,29.013037634408605,2.6903225806451614,6.485094086021506,77.98924731182795,1006.1907258064516,74.38978494623656,237.28225806451613,744
lk_jaffna,2021,6,28.98486111111111,1.8666666666666667,7.322402777777778,76.50555555555556,1006.4501388888889,79.05,249.1,720
lk_jaffna,2021,7,28.766263440860214,2.3,6.7411155913978495,76.48924731182795,1005.5364247311828,75.56854838709677,236.98790322580646,744
lk_jaffna,2021,8,28.43561827956989,1.432258064516129,6.605376344086021,76.81989247311827,1006.6184139784946,89.54435483870968,228.11155913978496,744
lk_jaffna,2021,9,28.345000000000002,3.5366666666666666,6.332666666666667,78.60416666666667,1006.2348611111111,78.45694444444445,236.63333333333333,720
lk_jaffna,2021,10,27.304301075268818,11.235483870967741,5.296236559139785,82.6760752688172,1007.3774193548388,79.51344086021506,183.23252688172042,744
lk_jaffna,2021,11,26.283888888888892,18.30666666666667,5.0600555555555555,85.575,1007.521111111111,88.30833333333334,144.51805555555555,720
lk_jaffna,2021,12,26.296370967741936,2.1548387096774193,5.380053763440861,77.00537634408602,1011.5864247311829,48.57392473118279,200.09139784946237,744
lk_jaffna,2022,1,26.181182795698923,1.3903225806451613,5.345631720430108,77.24059139784946,1010.986559139785,44.770161290322584,216.34543010752688,744
lk_jaffna,2022,2,26.195684523809526,4.417857142857143,5.205238095238095,73.63988095238095,1010.2431547619047,51.41220238095238,231.4985119047619,672
lk_jaffna,2022,3,27.83185483870968,0.6000000000000001,4.9154569892473114,76.70430107526882,1008.1913978494624,48.45967741935484,263.43413978494624,744
lk_jaffna,2022,4,28.47527777777778,5.756666666666667,3.8748055555555556,79.60277777777777,1007.583888888889,53.829166666666666,242.75555555555556,720
lk_jaffna,2022,5,29.331586021505377,0.9580645161290322,7.951182795698925,78.27553763440861,1004.5727150537634,64.10215053763442,264.4475806451613,744
lk_jaffna,2022,6,28.72097222222222,0.7533333333333334,7.079986111111111,78.27222222222223,1005.1173611111111,77.95138888888889,252.7861111111111,720
lk_jaffna,2022,7,28.515456989247312,2.1645161290322577,5.896102150537634,76.85215053763442,1005.1860215053764,86.26209677419355,215.88844086021504,744
lk_jaffna,2022,8,27.968010752688173,4.077419354838709,6.236021505376344,78.7002688172043,1005.2706989247312,87.4986559139785,231.95430107526883,744
lk_jaffna,2022,9,27.88,1.3466666666666667,7.158458333333334,79.36527777777778,1006.8491666666667,69.55694444444444,253.25416666666666,720
lk_jaffna,2022,10,27.203360215053763,10.17741935483871,4.163682795698925,81.29032258064517,1008.2016129032259,75.60483870967742,201.07930107526883,744
lk_jaffna,2022,11,26.231805555555557,9.19,4.670375,81.18333333333334,1009.5731944444444,78.25416666666666,176.3,720
lk_jaffna,2022,12,25.86720430107527,5.351612903225806,6.090591397849462,81.31182795698925,1009.4095430107526,71.69489247311827,172.70564516129033,744
lk_jaffna,2023,1,25.37728494623656,1.870967741935484,6.056357526881721,73.49059139784946,1011.8581989247311,65.75,200.2311827956989,744
lk_jaffna,2023,2,25.710863095238096,4.157142857142857,5.345729166666667,75.95684523809524,1011.4040178571429,43.89732142857143,238.5,672
lk_jaffna,2023,3,27.679032258064517,0.7064516129032259,4.587997311827957,76.54704301075269,1010.2065860215054,47.026881720430104,261.244623655914,744
lk_jaffna,2023,4,29.14013888888889,1.8866666666666667,4.117444444444445,76.13333333333334,1008.2280555555554,36.986111111111114,269.3333333333333,720
lk_jaffna,2023,5,29.087365591397848,4.0677419354838715,6.610120967741936,80.99596774193549,1007.4049731182796,65.73924731182795,241.72043010752688,744
lk_jaffna,2023,6,29.495416666666667,1.8633333333333333,7.478111111111111,78.25694444444444,1005.7734722222223,73.88055555555556,250.5875,720
lk_jaffna,2023,7,28.761424731182796,1.9064516129032258,7.22475806451613,78.83870967741936,1006.423252688172,86.14247311827957,221.5994623655914,744
lk_jaffna,2023,8,29.004032258064516,0.4838709677419355,6.6352553763440865,76.3736559139785,1007.5260752688172,66.90860215053763,276.3333333333333,744
lk_jaffna,2023,9,28.31388888888889,2.92,8.581916666666668,79.50277777777778,1007.1259722222221,74.53472222222223,229.38888888888889,720
lk_jaffna,2023,10,27.805779569892472,3.629032258064516,4.814099462365592,80.45295698924731,1010.0702956989248,60.81720430107527,212.38844086021504,744
lk_jaffna,2023,11,26.572916666666668,17.276666666666664,4.165222222222222,86.25,1010.0663888888889,92.67777777777778,143.30277777777778,720
lk_jaffna,2023,12,26.4502688172043,8.358064516129033,6.463010752688171,84.81317204301075,1010.5581989247313,72.82123655913979,164.6263440860215,744
lk_jaffna,2024,1,26.505645161290325,1.467741935483871,5.157540322580645,77.03360215053763,1012.1081989247311,54.61827956989247,204.75,744
lk_jaffna,2024,2,27.568821839080464,0.27241379310344827,5.597241379310344,74.85632183908046,1012.3974137931034,40.43247126436781,249.0,696
lk_jaffna,2024,3,28.398655913978494,0.1709677419354839,4.270470430107527,73.97043010752688,1010.834811827957,32.37096774193548,284.61155913978496,744
lk_jaffna,2024,4,30.22861111111111,0.6433333333333334,3.9847361111111113,75.10694444444445,1007.4519444444445,53.21805555555556,276.775,720
lk_jaffna,2024,5,29.623655913978496,7.212903225806452,5.816827956989248,80.0739247311828,1004.753629032258,83.88440860215054,217.92741935483872,744
lk_jaffna,2024,6,28.826805555555556,2.9066666666666667,8.831555555555555,81.13888888888889,1005.7076388888889,80.33611111111111,234.4736111111111,720
lk_jaffna,2024,7,29.146908602150535,1.0290322580645161,8.005752688172043,77.02016129032258,1005.1590053763441,81.77284946236558,236.23655913978496,744
lk_jaffna,2024,8,28.644489247311828,3.4612903225806453,6.619650537634408,77.86559139784946,1006.6192204301075,79.15456989247312,237.93413978494624,744
lk_jaffna,2024,9,29.180555555555557,0.2733333333333334,7.1946666666666665,76.14166666666667,1006.2313888888889,69.90138888888889,261.7361111111111,720
lk_jaffna,2024,10,27.67782258064516,8.05483870967742,4.666666666666667,81.7486559139785,1008.1689516129031,73.70161290322581,201.9758064516129,744
lk_jaffna,2024,11,26.53097222222222,19.39666666666667,5.888361111111111,83.95555555555555,1008.5325,80.9625,147.10972222222222,720
lk_jaffna,2024,12,26.47594086021505,6.1,5.346424731182795,82.36021505376344,1009.3809139784946,69.97311827956989,184.81854838709677,744
lk_jaffna,2025,1,25.768682795698926,3.283870967741935,6.386129032258064,77.18817204301075,1010.7127688172044,74.33333333333333,180.58467741935485,744
lk_jaffna,2025,2,26.434375000000003,1.4214285714285713,5.072306547619048,74.80654761904762,1011.5044642857143,37.09970238095238,250.54910714285714,672
lk_jaffna,2025,3,27.92190860215054,1.7580645161290325,3.817836021505376,76.96505376344086,1009.5552419354839,42.168010752688176,264.89112903225805,744
lk_jaffna,2025,4,29.224444444444444,1.6,4.619125,76.49027777777778,1007.6856944444444,49.78611111111111,258.7291666666667,720
lk_jaffna,2025,5,29.74220430107527,2.1193548387096777,7.177620967741935,76.98790322580645,1005.0376344086021,70.09274193548387,247.0241935483871,744
lk_jaffna,2025,6,29.362083333333334,0.4466666666666667,7.944138888888888,76.13333333333334,1005.6625,74.12916666666666,255.82361111111112,720
lk_jaffna,2025,7,29.293279569892473,1.461290322580645,6.8415591397849465,74.07123655913979,1005.3581989247311,81.88844086021506,240.41532258064515,744
lk_jaffna,2025,8,28.429569892473115,1.7451612903225808,6.420658602150538,77.29166666666667,1006.5229838709677,80.41397849462365,240.67069892473117,744
lk_jaffna,2025,9,28.575416666666666,2.4066666666666667,6.558569444444444,77.31666666666666,1006.8390277777778,76.00277777777778,244.47222222222223,720
lk_jaffna,2025,10,27.81061827956989,8.361290322580645,4.525900537634408,80.44489247311827,1007.7869623655914,71.09274193548387,204.83602150537635,744
lk_jaffna,2025,11,26.561944444444443,20.513333333333332,6.0869027777777776,83.18611111111112,1009.8920833333334,75.82222222222222,158.27083333333334,720
lk_jaffna,2025,12,25.5380376344086,4.751612903225807,6.3936290322580644,79.47043010752688,1010.986693548387,60.748655913978496,185.76612903225808,744
lk_matara,2020,1,27.293413978494623,0.30000000000000004,2.7643682795698927,74.97043010752688,1010.6708333333333,49.01747311827957,250.98790322580646,744
lk_matara,2020,2,28.13074712643678,0.5620689655172414,3.3754597701149427,68.76867816091954,1010.792959770115,42.84770114942529,267.5086206896552,696
lk_matara,2020,3,28.14744623655914,1.532258064516129,2.6989784946236557,75.04032258064517,1010.1665322580645,51.303763440860216,279.744623655914,744
lk_matara,2020,4,28.03666666666667,5.166666666666667,2.5186805555555556,80.97777777777777,1009.9466666666666,52.87361111111111,263.325,720
lk_matara,2020,5,27.585618279569893,7.825806451612903,4.356854838709677,86.29838709677419,1008.1177419354839,81.56989247311827,213.54032258064515,744
lk_matara,2020,6,27.388194444444444,4.583333333333333,5.116944444444444,84.06805555555556,1007.9068055555556,78.53611111111111,232.9625,720
lk_matara,2020,7,26.797983870967744,6.703225806451613,4.6144220430107525,85.33198924731182,1007.6728494623655,89.76075268817205,208.33333333333334,744
lk_matara,2020,8,26.873252688172045,3.9161290322580644,4.774825268817204,84.34811827956989,1008.5317204301075,77.8991935483871,243.2016129032258,744
lk_matara,2020,9,26.17513888888889,8.123333333333333,4.782986111111111,87.35,1009.0556944444444,90.1986111111111,205.75416666666666,720
lk_matara,2020,10,26.813037634408605,2.274193548387097,5.187311827956989,83.96908602150538,1008.6352150537634,75.16801075268818,248.31586021505376,744
lk_matara,2020,11,26.607777777777777,7.563333333333334,2.230583333333333,85.35277777777777,1009.6840277777778,78.89444444444445,217.44583333333333,720
lk_matara,2020,12,26.271236559139783,5.732258064516129,2.1343145161290322,84.34543010752688,1009.5228494623656,70.92069892473118,211.0994623655914,744
lk_matara,2021,1,26.01290322580645,7.661290322580645,1.8266801075268817,85.25940860215054,1009.2168010752689,81.41935483870968,193.78494623655914,744
lk_matara,2021,2,26.804613095238096,1.8571428571428572,1.5940178571428572,80.08035714285714,1010.1459821428571,62.08482142857143,257.3184523809524,672
lk_matara,2021,3,26.94798387096774,4.832258064516129,2.2696236559139784,80.5510752688172,1009.7134408602151,66.15322580645162,243.877688172043,744
lk_matara,2021,4,27.33513888888889,3.4433333333333334,2.654763888888889,83.725,1009.6919444444444,55.5375,264.4583333333333,720
lk_matara,2021,5,27.36572580645161,9.790322580645162,4.040362903225807,84.83333333333333,1008.245564516129,83.70967741935483,226.53494623655914,744
lk_matara,2021,6,26.848194444444445,5.010000000000001,5.230152777777778,84.83055555555555,1009.1906944444445,77.075,237.01111111111112,720
lk_matara,2021,7,26.722580645161287,5.532258064516129,5.819637096774194,84.50672043010752,1008.4403225806451,85.18279569892474,222.5201612903226,744
lk_matara,2021,8,26.3375,5.670967741935484,5.175752688172043,85.7258064516129,1009.3228494623655,92.38306451612904,220.63709677419354,744
lk_matara,2021,9,26.583333333333332,4.703333333333333,4.930944444444445,85.41111111111111,1008.7619444444445,79.34166666666667,235.32361111111112,720
lk_matara,2021,10,26.602150537634408,6.106451612903227,4.30885752688172,85.27553763440861,1008.8728494623656,82.40591397849462,214.06182795698925,744
lk_matara,2021,11,26.144305555555558,8.030000000000001,3.873152777777778,86.52083333333333,1008.3488888888888,83.10555555555555,187.57638888888889,720
lk_matara,2021,12,26.325940860215052,4.951612903225807,1.836518817204301,83.15860215053763,1010.8360215053764,55.86290322580645,218.33736559139786,744
lk_matara,2022,1,26.377688172043012,4.035483870967742,1.8648790322580646,81.7741935483871,1010.2819892473119,60.95967741935484,244.06182795698925,744
lk_matara,2022,2,26.893452380952382,2.064285714285714,1.8009821428571429,79.11309523809524,1009.389880952381,65.14285714285714,251.94494047619048,672
lk_matara,2022,3,27.258870967741935,3.7193548387096773,2.3456451612903226,82.67338709677419,1008.5461021505376,55.704301075268816,253.28763440860214,744
lk_matara,2022,4,27.124444444444443,6.12,2.4851944444444443,85.44166666666666,1008.7116666666667,65.83055555555555,243.84722222222223,720
lk_matara,2022,5,26.895967741935483,9.851612903225806,5.571626344086021,87.35887096774194,1007.7231182795699,79.96505376344086,220.29166666666666,744
lk_matara,2022,6,26.676805555555553,5.3,5.2135694444444445,85.53333333333333,1007.8594444444445,87.34583333333333,221.94722222222222,720
lk_matara,2022,7,26.776075268817205,3.6580645161290324,5.5340994623655915,83.76478494623656,1007.5494623655915,87.41263440860214,224.23387096774192,744
lk_matara,2022,8,26.318817204301077,4.970967741935484,5.738655913978495,84.95161290322581,1007.95188172043,88.19354838709677,236.8991935483871,744
lk_matara,2022,9,26.429583333333333,3.9466666666666668,5.106736111111111,84.29444444444445,1009.3502777777777,71.28333333333333,251.1888888888889,720
lk_matara,2022,10,26.118817204301077,6.529032258064516,4.504637096774193,86.17204301075269,1009.4744623655914,80.34274193548387,214.0483870967742,744
lk_matara,2022,11,26.187916666666666,6.380000000000001,2.306486111111111,85.12222222222222,1009.7283333333334,78.39444444444445,206.90555555555557,720
lk_matara,2022,12,25.813575268817203,9.709677419354838,2.617056451612903,85.02688172043011,1009.2493279569892,77.29166666666667,194.16666666666666,744
lk_matara,2023,1,25.769489247311828,5.651612903225806,1.7250403225806452,81.24462365591398,1010.679435483871,77.38978494623656,228.13978494623655,744
lk_matara,2023,2,26.324404761904763,5.45,2.1107738095238098,80.73809523809524,1010.4217261904762,65.19494047619048,245.40178571428572,672
lk_matara,2023,3,26.830241935483873,4.216129032258064,2.3286424731182795,83.27956989247312,1010.2189516129033,57.42607526881721,253.45564516129033,744
lk_matara,2023,4,27.463472222222222,5.4366666666666665,1.939638888888889,84.24444444444444,1009.0490277777778,49.88194444444444,252.3763888888889,720
lk_matara,2023,5,27.424462365591395,6.825806451612904,4.2038172043010755,86.45564516129032,1009.4869623655915,72.23924731182795,225.61021505376345,744
lk_matara,2023,6,27.073194444444447,6.17,5.363972222222222,86.65694444444445,1008.8505555555556,80.40833333333333,231.67222222222222,720
lk_matara,2023,7,26.893010752688173,5.75483870967742,5.34864247311828,85.90188172043011,1009.5430107526881,78.70564516129032,221.6061827956989,744
lk_matara,2023,8,27.246639784946236,3.6096774193548393,4.827674731182795,83.20564516129032,1010.0436827956989,73.34005376344086,253.1209677419355,744
lk_matara,2023,9,26.205416666666668,13.656666666666666,3.959333333333333,88.15555555555555,1010.0327777777777,87.20138888888889,193.35972222222222,720
lk_matara,2023,10,25.997849462365593,15.312903225806451,2.069166666666667,89.39112903225806,1011.3904569892474,84.59274193548387,186.2983870967742,744
lk_matara,2023,11,26.25986111111111,14.353333333333333,1.798888888888889,88.96805555555555,1010.2422222222223,84.70972222222223,181.3513888888889,720
lk_matara,2023,12,26.644489247311828,12.8,2.734556451612903,86.10215053763442,1010.0405913978494,79.63709677419355,181.88844086021504,744
lk_matara,2024,1,26.70483870967742,5.9,2.268467741935484,81.72043010752688,1011.3127688172042,55.97849462365591,226.91129032258064,744
lk_matara,2024,2,28.107614942528738,0.896551724137931,3.17191091954023,74.2169540229885,1011.4051724137931,52.48275862068966,266.9166666666667,696
lk_matara,2024,3,28.233602150537635,2.5548387096774197,2.188266129032258,77.20698924731182,1010.9180107526881,49.66263440860215,274.22983870967744,744
lk_matara,2024,4,28.38638888888889,5.17,2.231069444444444,83.44444444444444,1008.2322222222222,67.63194444444444,256.3861111111111,720
lk_matara,2024,5,27.65215053763441,14.77741935483871,4.3,87.6008064516129,1007.1185483870967,91.27822580645162,201.7486559139785,744
lk_matara,2024,6,27.136805555555554,7.103333333333333,4.850555555555555,86.12916666666666,1008.7315277777777,78.46805555555555,224.70833333333334,720
lk_matara,2024,7,27.294354838709676,4.858064516129033,4.885470430107527,85.04166666666667,1008.1655913978494,80.89650537634408,230.9516129032258,744
lk_matara,2024,8,26.909408602150535,10.712903225806453,4.387876344086021,85.35483870967742,1009.0075268817204,84.11424731182795,217.18010752688173,744
lk_matara,2024,9,27.04625,5.22,5.102361111111111,85.29444444444445,1008.9709722222221,81.87638888888888,237.13888888888889,720
lk_matara,2024,10,26.693817204301077,6.732258064516129,3.8806451612903223,86.49193548387096,1009.6971774193548,80.1975806451613,206.252688172043,744
lk_matara,2024,11,26.450555555555557,10.293333333333335,2.7142916666666665,86.44027777777778,1008.5348611111111,77.34166666666667,191.15833333333333,720
lk_matara,2024,12,26.83306451612903,3.235483870967742,2.341115591397849,83.875,1009.2969086021506,70.64650537634408,219.15994623655914,744
lk_matara,2025,1,25.869758064516127,11.183870967741935,1.9441666666666668,85.72849462365592,1009.4041666666666,84.63709677419355,171.43145161290323,744
lk_matara,2025,2,27.041369047619046,3.317857142857143,2.1653720238095238,76.73511904761905,1010.5218749999999,55.785714285714285,267.20684523809524,672
lk_matara,2025,3,27.016263440860214,4.641935483870968,2.139838709677419,84.14247311827957,1009.7123655913979,62.53629032258065,247.05376344086022,744
lk_matara,2025,4,27.318472222222223,8.416666666666666,2.9989166666666662,85.57083333333334,1009.10125,65.1875,238.8375,720
lk_matara,2025,5,27.533198924731185,6.922580645161291,4.972405913978494,85.46774193548387,1007.7041666666667,82.5739247311828,222.48252688172042,744
lk_matara,2025,6,27.16347222222222,4.713333333333333,5.332958333333333,84.8375,1008.8083333333333,76.375,230.7513888888889,720
lk_matara,2025,7,27.0244623655914,3.5354838709677416,5.9463978494623655,83.43413978494624,1008.3995967741936,77.93682795698925,234.15860215053763,744
lk_matara,2025,8,26.878091397849463,2.4419354838709677,5.439126344086022,82.75403225806451,1009.0712365591398,77.44220430107526,248.69220430107526,744
lk_matara,2025,9,27.089861111111112,4.133333333333333,5.178611111111111,81.92916666666666,1009.2998611111111,81.16111111111111,240.92638888888888,720
lk_matara,2025,10,26.778763440860217,8.058064516129033,3.808440860215054,84.53494623655914,1009.0264784946236,77.1491935483871,216.9798387096774,744
lk_matara,2025,11,26.21361111111111,16.57,3.4486666666666665,85.05277777777778,1010.0152777777778,79.70555555555555,185.54305555555555,720
lk_matara,2025,12,26.104301075268815,3.441935483870968,1.7849865591397849,85.11827956989248,1010.0022849462365,69.65725806451613,214.24059139784947,744
lk_trincomalee,2020,1,26.317741935483873,1.3161290322580648,4.406532258064516,76.24327956989248,1011.5190860215054,49.80913978494624,220.36559139784947,744
lk_trincomalee,2020,2,26.64367816091954,1.2206896551724138,4.939741379310345,73.00574712643679,1011.9199712643679,52.55316091954023,240.01293103448276,696
lk_trincomalee,2020,3,27.72016129032258,0.12903225806451613,3.6366666666666663,72.11559139784946,1010.2805107526881,54.47715053763441,274.59005376344084,744
lk_trincomalee,2020,4,28.92513888888889,0.7866666666666667,3.1171249999999997,75.25,1009.4530555555555,42.90138888888889,275.9916666666667,720
lk_trincomalee,2020,5,29.30255376344086,1.535483870967742,4.191532258064516,75.67204301075269,1006.2786290322581,71.0510752688172,246.68010752688173,744
lk_trincomalee,2020,6,29.489444444444448,1.8266666666666667,5.774791666666667,69.61944444444444,1005.6126388888889,79.37361111111112,239.49444444444444,720
lk_trincomalee,2020,7,28.432258064516127,2.6580645161290324,4.563817204301075,73.79838709677419,1005.6692204301075,87.80913978494624,228.77956989247312,744
lk_trincomalee,2020,8,29.18548387096774,0.35806451612903223,5.528319892473118,67.61155913978494,1006.2306451612903,75.53494623655914,252.05241935483872,744
lk_trincomalee,2020,9,27.959583333333335,1.9866666666666668,5.726999999999999,73.49861111111112,1006.8444444444444,85.60694444444445,204.57916666666668,720
lk_trincomalee,2020,10,28.733870967741936,1.3129032258064517,5.216841397849462,69.3225806451613,1006.657123655914,69.41263440860214,248.91397849462365,744
lk_trincomalee,2020,11,26.46152777777778,11.18,3.6521944444444445,84.21666666666667,1009.4352777777779,80.27083333333333,177.2722222222222,720
lk_trincomalee,2020,12,25.563844086021504,17.5258064516129,4.328319892473118,84.27284946236558,1009.6038978494624,79.13844086021506,150.5470430107527,744
lk_trincomalee,2021,1,25.550672043010753,13.34516129032258,3.984744623655914,82.83333333333333,1009.5983870967741,78.97043010752688,170.73924731182797,744
lk_trincomalee,2021,2,25.78392857142857,1.5571428571428574,4.2352380952380955,77.20535714285714,1010.8705357142857,55.78125,232.00446428571428,672
lk_trincomalee,2021,3,27.293817204301074,1.235483870967742,3.3263844086021503,76.25940860215054,1009.6631720430108,55.973118279569896,243.47177419354838,744
lk_trincomalee,2021,4,28.346388888888892,2.086666666666667,2.564888888888889,76.12638888888888,1008.6834722222222,43.7,275.40416666666664,720
lk_trincomalee,2021,5,28.534139784946237,1.835483870967742,4.585094086021505,76.40725806451613,1006.6444892473119,78.13440860215054,237.68682795698925,744
lk_trincomalee,2021,6,29.256111111111114,0.6166666666666667,5.766263888888889,68.05416666666666,1006.8863888888889,74.95416666666667,255.50555555555556,720
lk_trincomalee,2021,7,28.878763440860215,1.3193548387096774,5.81383064516129,70.18682795698925,1005.923252688172,80.24193548387096,232.89112903225808,744
lk_trincomalee,2021,8,28.64717741935484,1.2322580645161292,5.402889784946237,69.93279569892474,1006.9490591397849,92.36290322580645,229.26612903225808,744
lk_trincomalee,2021,9,28.555555555555557,2.81,5.117888888888889,71.86527777777778,1006.5140277777778,81.95694444444445,241.6013888888889,720
lk_trincomalee,2021,10,27.358198924731184,5.9,4.016505376344086,78.95833333333333,1007.4643817204301,81.7997311827957,205.06317204301075,744
lk_trincomalee,2021,11,26.193472222222223,12.483333333333334,3.9005694444444443,84.37361111111112,1007.5238888888888,84.76666666666667,169.32361111111112,720
lk_trincomalee,2021,12,26.181854838709675,2.8,3.9058736559139784,79.39381720430107,1011.2106182795699,52.79838709677419,198.36155913978496,744
lk_trincomalee,2022,1,25.631586021505377,4.467741935483871,3.8995430107526885,81.49193548387096,1010.7720430107527,56.321236559139784,210.05510752688173,744
lk_trincomalee,2022,2,25.967113095238098,5.803571428571429,3.830491071428572,77.12797619047619,1009.9447916666667,60.680059523809526,222.17708333333334,672
lk_trincomalee,2022,3,27.3627688172043,1.4870967741935486,3.420524193548387,78.4986559139785,1008.1506720430107,51.696236559139784,253.16935483870967,744
lk_trincomalee,2022,4,27.801527777777775,3.6100000000000003,2.4644583333333334,80.79583333333333,1007.8486111111112,59.143055555555556,256.20694444444445,720
lk_trincomalee,2022,5,29.068548387096776,0.25483870967741934,6.436397849462366,72.36021505376344,1005.1430107526882,72.98118279569893,251.56048387096774,744
lk_trincomalee,2022,6,29.040416666666665,0.8366666666666667,5.585444444444445,69.44583333333334,1005.4736111111112,84.80694444444444,242.7861111111111,720
lk_trincomalee,2022,7,28.611290322580643,1.7483870967741937,4.992083333333333,71.6760752688172,1005.4389784946236,85.91532258064517,222.8252688172043,744
lk_trincomalee,2022,8,28.04811827956989,1.8903225806451613,5.503293010752688,72.96370967741936,1005.6125,88.2258064516129,239.2688172043011,744
lk_trincomalee,2022,9,28.454722222222223,0.6333333333333333,5.510902777777778,69.47222222222223,1007.1215277777778,68.90694444444445,257.3333333333333,720
lk_trincomalee,2022,10,26.90295698924731,8.070967741935483,3.8332123655913977,79.65860215053763,1008.2321236559139,82.58467741935483,211.26747311827958,744
lk_trincomalee,2022,11,26.061944444444443,8.453333333333333,3.142583333333333,82.08888888888889,1009.3827777777777,79.03888888888889,185.93472222222223,720
lk_trincomalee,2022,12,25.567473118279572,7.03225806451613,4.439798387096774,82.43010752688173,1009.118682795699,77.7002688172043,162.06182795698925,744
lk_trincomalee,2023,1,25.1747311827957,5.938709677419355,4.6950672043010755,76.72311827956989,1011.4208333333333,74.40725806451613,196.84139784946237,744
lk_trincomalee,2023,2,25.618154761904766,4.496428571428572,4.209985119047619,78.37797619047619,1011.0075892857143,56.53422619047619,228.03869047619048,672
lk_trincomalee,2023,3,27.064919354838707,2.032258064516129,3.508279569892473,79.74596774193549,1010.2278225806451,56.53225806451613,256.06048387096774,744
lk_trincomalee,2023,4,28.480694444444442,2.4700000000000006,2.8847222222222224,77.34583333333333,1008.4319444444444,41.415277777777774,272.5208333333333,720
lk_trincomalee,2023,5,28.77916666666667,4.141935483870967,3.9729704301075266,77.46505376344086,1007.6815860215054,61.22715053763441,244.71908602150538,744
lk_trincomalee,2023,6,29.919722222222223,0.30333333333333334,6.273444444444444,67.92222222222222,1006.12125,75.4125,255.29722222222222,720
lk_trincomalee,2023,7,29.629301075268817,0.2709677419354839,6.174099462365591,66.40456989247312,1006.8092741935484,79.94623655913979,225.61021505376345,744
lk_trincomalee,2023,8,29.811559139784944,1.2967741935483872,4.442580645161291,66.12903225806451,1007.6952956989248,67.60618279569893,275.1263440860215,744
lk_trincomalee,2023,9,28.63236111111111,1.1166666666666667,5.514694444444444,70.79583333333333,1007.5865277777779,79.51805555555555,229.75555555555556,720
lk_trincomalee,2023,10,27.348252688172042,10.480645161290322,2.7350806451612906,80.1989247311828,1010.2588709677419,69.01209677419355,222.6747311827957,744
lk_trincomalee,2023,11,26.272916666666667,15.17,2.538041666666667,87.8013888888889,1009.9063888888888,86.82916666666667,168.86111111111111,720
lk_trincomalee,2023,12,26.278225806451612,11.203225806451613,4.369274193548387,86.56989247311827,1010.2602150537634,79.02688172043011,162.41532258064515,744
lk_trincomalee,2024,1,26.326075268817203,4.33225806451613,4.0256854838709675,78.78763440860214,1011.8471774193549,59.37096774193548,188.28629032258064,744
lk_trincomalee,2024,2,27.24037356321839,0.9586206896551724,4.602902298850575,77.00862068965517,1012.2191091954023,42.5617816091954,248.36063218390805,696
lk_trincomalee,2024,3,27.945698924731182,0.9290322580645162,3.400833333333333,75.81854838709677,1010.9143817204301,43.12903225806452,275.9516129032258,744
lk_trincomalee,2024,4,29.431944444444444,1.2000000000000002,3.403583333333333,76.73472222222222,1007.6841666666667,52.1,280.19444444444446,720
lk_trincomalee,2024,5,29.134543010752687,5.635483870967741,4.4497715053763445,78.65725806451613,1005.2266129032258,81.69220430107526,224.98924731182797,744
lk_trincomalee,2024,6,29.31083333333333,0.4033333333333333,5.905555555555556,71.33055555555555,1006.2406944444446,80.34861111111111,235.06805555555556,720
lk_trincomalee,2024,7,30.019623655913975,0.2096774193548387,6.52127688172043,65.80913978494624,1005.5610215053764,78.74731182795699,246.3494623655914,744
lk_trincomalee,2024,8,28.561155913978496,3.4225806451612906,4.357822580645161,73.6491935483871,1006.9989247311827,80.87768817204301,233.1491935483871,744
lk_trincomalee,2024,9,29.508333333333333,0.8333333333333334,6.150680555555555,67.87638888888888,1006.5444444444445,69.58194444444445,257.9277777777778,720
lk_trincomalee,2024,10,27.63266129032258,4.464516129032258,3.454354838709677,79.00537634408602,1008.3647849462366,75.1760752688172,211.38306451612902,744
lk_trincomalee,2024,11,26.288888888888888,20.176666666666666,3.766944444444444,85.74444444444444,1008.1093055555555,76.75277777777778,162.44027777777777,720
lk_trincomalee,2024,12,26.35510752688172,10.319354838709677,3.731841397849462,82.36962365591398,1009.1568548387096,71.8010752688172,184.96236559139786,744
lk_trincomalee,2025,1,25.54193548387097,8.425806451612903,4.7121908602150535,81.9475806451613,1010.2377688172044,83.68010752688173,164.43145161290323,744
lk_trincomalee,2025,2,26.38467261904762,2.892857142857143,4.08547619047619,75.20386904761905,1011.2041666666667,50.05952380952381,246.26190476190476,672
lk_trincomalee,2025,3,27.330241935483873,2.564516129032258,3.145981182795699,79.73924731182795,1009.5592741935484,55.729838709677416,258.9516129032258,744
lk_trincomalee,2025,4,28.30402777777778,3.8,2.6272499999999996,78.21666666666667,1007.9994444444444,60.00277777777778,259.55555555555554,720
lk_trincomalee,2025,5,29.29516129032258,0.6419354838709678,5.265564516129032,73.31586021505376,1005.5990591397849,70.6989247311828,251.55241935483872,744
lk_trincomalee,2025,6,29.689444444444447,0.26,6.389180555555556,67.2875,1006.1691666666667,79.94444444444444,242.25416666666666,720
lk_trincomalee,2025,7,29.730376344086025,0.40645161290322573,6.0730779569892475,65.52284946236558,1005.7123655913979,79.24059139784946,237.70564516129033,744
lk_trincomalee,2025,8,29.023252688172043,1.196774193548387,5.35505376344086,67.74327956989248,1006.7608870967741,77.79838709677419,252.63172043010752,744
lk_trincomalee,2025,9,29.190833333333334,0.7166666666666667,5.388083333333333,67.28611111111111,1007.0131944444445,80.36527777777778,246.59444444444443,720
lk_trincomalee,2025,10,27.44005376344086,8.777419354838711,3.500860215053763,79.72043010752688,1007.8974462365591,70.22715053763442,218.95430107526883,744
lk_trincomalee,2025,11,26.21152777777778,24.183333333333337,4.208361111111111,84.50833333333334,1009.4508333333333,75.44444444444444,167.35416666666666,720
lk_trincomalee,2025,12,25.54274193548387,7.551612903225806,4.297795698924731,83.20564516129032,1010.5079301075269,66.04838709677419,179.74193548387098,744
