location_id,temperature_2m,precipitation,wind_speed_10m,relative_humidity_2m,pressure_msl,name,country_code,region,latitude,longitude,elevation_m,country,timezone,period_rainfall_mm
bd_chattogram,27.562885154061625,15.719327731092436,4.3630217086834735,86.70098039215686,1004.1142857142858,Chattogram,BD,South Asia,22.3569,91.7832,9.0,BD,UTC,1870.6
bd_dhaka,28.395308123249297,9.53109243697479,3.1134838935574227,84.39460784313727,1003.0513655462186,Dhaka,BD,South Asia,23.8103,90.4125,19.0,BD,UTC,1134.2
bd_rangamati,27.363200280112043,9.920168067226891,2.2948914565826333,85.95833333333333,1004.5090336134454,Rangamati,BD,South Asia,22.7324,92.2985,29.0,BD,UTC,1180.5
bd_sajek,24.637149859943978,9.58235294117647,1.9994642857142857,86.83368347338936,1004.8648459383754,Sajek,BD,South Asia,23.3819,92.2938,435.0,BD,UTC,1140.3
bd_sylhet,27.22717086834734,26.44873949579832,1.2019712885154061,87.45378151260505,1004.1078081232492,Sylhet,BD,South Asia,24.8949,91.8687,20.0,BD,UTC,3147.4
bt_chele_la,8.634313725490196,10.75966386554622,1.114593837535014,87.60189075630252,1014.3951330532212,Chele La,BT,South Asia,27.3697,89.3461,3807.0,BT,UTC,1280.4
bt_paro,17.828641456582634,14.24873949579832,0.819796918767507,87.82317927170868,1010.7526960784313,Paro,BT,South Asia,27.4287,89.4164,2269.0,BT,UTC,1695.6000000000001
bt_phuentsholing,25.52006302521008,18.93529411764706,0.9077941176470589,86.19642857142857,1005.0669817927171,Phuentsholing,BT,South Asia,26.8516,89.3884,323.0,BT,UTC,2253.3
bt_punakha,21.693347338935574,11.908403361344536,0.8132773109243697,86.49894957983193,1010.6407212885155,Punakha,BT,South Asia,27.591,89.8774,1289.0,BT,UTC,1417.1
bt_thimphu,17.16341036414566,9.16218487394958,0.8410224089635854,86.73249299719888,1011.1837535014006,Thimphu,BT,South Asia,27.4728,89.6393,2316.0,BT,UTC,1090.3
id_berastagi,19.538515406162468,8.514285714285714,1.0816421568627452,88.63515406162466,1013.226855742297,Berastagi,ID,Southeast Asia,3.1947,98.5089,1401.0,ID,UTC,1013.2
id_medan,26.53676470588235,6.677310924369748,1.1751365546218489,87.34768907563026,1010.6018907563025,Medan,ID,Southeast Asia,3.5952,98.6722,26.0,ID,UTC,794.6
in_anamudi,12.583368347338936,13.485714285714286,1.8643347338935574,90.34803921568627,1013.7448879551821,Anamudi,IN,South Asia,10.169,77.0606,2638.0,IN,UTC,1604.8
in_bengaluru,23.945553221288517,2.889075630252101,3.983932072829132,75.12535014005601,1010.1714985994398,Bengaluru,IN,South Asia,12.9716,77.5946,910.0,IN,UTC,343.8
in_chennai,31.03988095238095,1.4025210084033615,3.9814810924369746,64.69502801120449,1005.9186274509804,Chennai,IN,South Asia,13.0827,80.2707,12.0,IN,UTC,166.9
in_coimbatore,25.34481792717087,2.2294117647058824,4.065245098039216,78.16806722689076,1009.6048319327732,Coimbatore,IN,South Asia,11.0168,76.9558,431.0,IN,UTC,265.3
in_darjeeling,16.922408963585433,21.115126050420166,0.8029026610644258,89.70273109243698,1008.913550420168,Darjeeling,IN,South Asia,27.041,88.2663,2100.0,IN,UTC,2512.7
in_doddabetta,14.281967787114844,4.608403361344537,2.241137955182073,83.1890756302521,1012.0490896358543,Doddabetta,IN,South Asia,11.4016,76.7358,2592.0,IN,UTC,548.4
in_gangtok,19.347268907563024,23.45966386554622,0.7770098039215687,91.1733193277311,1007.9920868347339,Gangtok,IN,South Asia,27.3389,88.6065,1487.0,IN,UTC,2791.7
in_kanyakumari,26.648774509803925,2.0815126050420165,4.863014705882353,83.14110644257703,1009.4587535014007,Kanyakumari,IN,South Asia,8.0883,77.5385,33.0,IN,UTC,247.7
in_kochi,26.262394957983194,12.904201680672267,1.4546183473389356,88.40266106442577,1010.1712885154061,Kochi,IN,South Asia,9.9312,76.2673,6.0,IN,UTC,1535.6
in_kodaikanal,17.076785714285716,7.1042016806722685,1.5051085434173668,80.25280112044818,1011.3991246498599,Kodaikanal,IN,South Asia,10.2381,77.4892,2085.0,IN,UTC,845.4
in_lachen,13.425280112044819,28.463865546218486,0.7947864145658263,92.97128851540617,1011.5721988795518,Lachen,IN,South Asia,27.7287,88.5565,2567.0,IN,UTC,3387.2
in_madurai,30.68189775910364,1.3899159663865546,1.8241806722689073,56.580882352941174,1007.846043417367,Madurai,IN,South Asia,9.9252,78.1198,141.0,IN,UTC,165.4
in_munnar,20.01544117647059,10.378991596638654,1.8275875350140054,90.33228291316526,1012.4859243697479,Munnar,IN,South Asia,10.0889,77.0595,1461.0,IN,UTC,1235.1
in_mysuru,24.304411764705883,3.3554621848739496,4.118508403361345,78.18137254901961,1010.4377100840336,Mysuru,IN,South Asia,12.2958,76.6394,748.0,IN,UTC,399.3
in_nathu_la,6.267542016806723,17.094117647058823,1.0435399159663865,89.53816526610643,1013.1670168067227,Nathu La,IN,South Asia,27.3868,88.8308,4298.0,IN,UTC,2034.2
in_ooty,16.581967787114845,4.608403361344537,2.241137955182073,83.43242296918768,1012.0490896358543,Ooty,IN,South Asia,11.4102,76.695,2235.0,IN,UTC,548.4
in_shillong,21.09152661064426,15.892436974789916,1.4092366946778712,89.26680672268908,1007.5723039215686,Shillong,IN,South Asia,25.5788,91.8933,1436.0,IN,UTC,1891.2
in_tawang,13.14201680672269,10.694117647058823,0.8512570028011204,88.36064425770307,1012.0517156862744,Tawang,IN,South Asia,27.5861,91.8594,2922.0,IN,UTC,1272.6
in_thiruvananthapuram,25.858543417366946,7.925210084033614,4.387906162464986,87.76750700280112,1010.5488445378152,Thiruvananthapuram,IN,South Asia,8.5241,76.9366,12.0,IN,UTC,943.1
in_thoothukudi,29.846393557422967,1.1663865546218486,4.272706582633053,67.28746498599439,1008.0789915966386,Thoothukudi,IN,South Asia,8.7642,78.1348,3.0,IN,UTC,138.79999999999998
kh_bokor,21.53718487394958,9.063025210084033,2.428480392156863,88.7780112044818,1010.0811274509804,Bokor,KH,Southeast Asia,10.628,104.028,1013.0,KH,UTC,1078.5
kh_phnom_penh,28.782528011204484,4.891596638655463,2.6325035014005604,76.16841736694677,1008.5444677871149,Phnom Penh,KH,Southeast Asia,11.5564,104.9282,14.0,KH,UTC,582.1
kh_sen_monorom,23.83497899159664,8.394957983193278,3.085948879551821,87.51925770308122,1010.1391456582633,Sen Monorom,KH,Southeast Asia,12.4558,107.1881,682.0,KH,UTC,999.0
la_luang_prabang,26.6874649859944,9.005882352941176,1.3634733893557422,86.75280112044818,1007.2369397759104,Luang Prabang,LA,Southeast Asia,19.8833,102.1333,297.0,LA,UTC,1071.7
la_paksong,21.270868347338933,15.902521008403362,2.0619187675070028,89.63830532212886,1010.3683123249299,Paksong,LA,Southeast Asia,15.1817,106.23,1284.0,LA,UTC,1892.4
la_phonsavan,22.138305322128854,7.151260504201681,1.6066421568627451,87.10749299719888,1008.8670518207283,Phonsavan,LA,Southeast Asia,19.45,103.2167,1125.0,LA,UTC,851.0
la_vientiane,27.58529411764706,9.286554621848738,1.7876015406162464,82.17892156862744,1006.4290616246499,Vientiane,LA,Southeast Asia,17.9757,102.6331,179.0,LA,UTC,1105.1
lk_ambewela,18.25045518207283,5.410924369747899,2.870857843137255,84.45553221288516,1013.4920168067227,Ambewela,LK,South Asia,6.8992,80.8028,1885.0,LK,UTC,643.9
lk_anuradhapura,27.82212885154062,2.272268907563025,5.4196148459383755,76.6029411764706,1009.1801820728291,Anuradhapura,LK,South Asia,8.3114,80.4037,90.0,LK,UTC,270.4
lk_badulla,26.020203081232495,2.611764705882353,2.043970588235294,68.47969187675069,1010.7112044817927,Badulla,LK,South Asia,6.9934,81.055,661.0,LK,UTC,310.8
lk_bandarawela,22.032633053221286,2.564705882352941,3.055693277310924,72.19362745098039,1010.6037464985995,Bandarawela,LK,South Asia,6.8259,80.9982,1248.0,LK,UTC,305.2
lk_batticaloa,30.440756302521006,1.550420168067227,3.05484243697479,62.44747899159664,1008.2158963585434,Batticaloa,LK,South Asia,7.7102,81.6924,10.0,LK,UTC,184.5
lk_colombo,27.09296218487395,7.43109243697479,3.036127450980392,85.20623249299719,1010.3620098039215,Colombo,LK,South Asia,6.9271,79.8612,9.0,LK,UTC,884.3000000000001
lk_diyatalawa,22.11768207282913,2.564705882352941,3.055693277310924,76.51750700280112,1010.6037464985995,Diyatalawa,LK,South Asia,6.807,80.9595,1283.0,LK,UTC,305.2
lk_ella,24.468382352941177,2.564705882352941,3.055693277310924,72.42857142857143,1010.6037464985995,Ella,LK,South Asia,6.8667,81.0466,907.0,LK,UTC,305.2
lk_galle,27.12104341736695,7.243697478991597,4.0859628851540615,84.41351540616247,1010.6846288515407,Galle,LK,South Asia,6.0535,80.221,3.0,LK,UTC,862.0
lk_gampola,24.296533613445376,3.9361344537815124,2.8737114845938376,85.41701680672269,1011.5092436974791,Gampola,LK,South Asia,7.1643,80.5696,496.0,LK,UTC,468.4
lk_hambantota,28.32216386554622,1.2865546218487394,5.5498634453781515,75.40196078431373,1009.4773809523809,Hambantota,LK,South Asia,6.1429,81.1212,15.0,LK,UTC,153.1
lk_haputale,21.21768207282913,2.564705882352941,3.055693277310924,76.37675070028011,1010.6037464985995,Haputale,LK,South Asia,6.7681,80.959,1427.0,LK,UTC,305.2
lk_hatton,20.441981792717087,8.339495798319328,1.654124649859944,90.8389355742297,1012.3386554621849,Hatton,LK,South Asia,6.8916,80.5955,1303.0,LK,UTC,992.4
lk_horton_plains,16.65045518207283,5.457983193277311,3.2941631652661068,84.29341736694677,1012.7961834733894,Horton Plains,LK,South Asia,6.8021,80.807,2130.0,LK,UTC,649.5
lk_jaffna,28.897233893557424,1.657142857142857,7.917892156862745,78.34978991596638,1007.7402661064425,Jaffna,LK,South Asia,9.6615,80.0255,9.0,LK,UTC,197.2
lk_kandy,23.945658263305322,2.580672268907563,3.1045868347338934,83.35119047619047,1011.7856092436975,Kandy,LK,South Asia,7.2906,80.6337,499.0,LK,UTC,307.1
lk_kegalle,25.11799719887955,6.15798319327731,3.180591736694678,84.47303921568627,1010.5527661064425,Kegalle,LK,South Asia,7.2513,80.3464,205.0,LK,UTC,732.8
lk_kurunegala,26.112464985994396,4.532773109243697,4.013942577030813,82.50910364145659,1010.2257352941177,Kurunegala,LK,South Asia,7.4863,80.3647,124.0,LK,UTC,539.4
lk_mannar,28.434243697478994,1.53109243697479,7.78609593837535,78.30637254901961,1008.3992296918767,Mannar,LK,South Asia,8.981,79.9044,6.0,LK,UTC,182.20000000000002
lk_matale,26.172724089635857,3.115126050420168,4.128375350140056,79.42892156862744,1010.5953781512605,Matale,LK,South Asia,7.4675,80.6234,356.0,LK,UTC,370.7
lk_matara,27.11421568627451,5.200840336134454,5.294579831932773,84.5392156862745,1010.3992296918767,Matara,LK,South Asia,5.9549,80.555,6.0,LK,UTC,618.9
lk_nawalapitiya,23.775350140056023,8.339495798319328,1.654124649859944,88.1029411764706,1012.3386554621849,Nawalapitiya,LK,South Asia,7.0505,80.53,577.0,LK,UTC,992.4
lk_nuwara_eliya,18.25045518207283,5.410924369747899,2.870857843137255,84.45238095238096,1013.4920168067227,Nuwara Eliya,LK,South Asia,6.9497,80.7891,1888.0,LK,UTC,643.9
lk_pidurutalagala,14.796218487394958,5.410924369747899,2.870857843137255,81.91666666666667,1013.4920168067227,Pidurutalagala,LK,South Asia,7.0008,80.7733,2500.0,LK,UTC,643.9
lk_polonnaruwa,29.183963585434174,1.2361344537815127,5.439187675070028,65.33998599439775,1008.5214985994398,Polonnaruwa,LK,South Asia,7.9403,81.0188,49.0,LK,UTC,147.1
lk_puttalam,27.742366946778713,3.2756302521008402,5.109079131652661,81.8249299719888,1009.4746848739496,Puttalam,LK,South Asia,8.0362,79.8283,4.0,LK,UTC,389.8
lk_ratnapura,25.57871148459384,8.861344537815127,1.883420868347339,90.61414565826331,1011.9764705882353,Ratnapura,LK,South Asia,6.6828,80.3992,34.0,LK,UTC,1054.5
lk_sri_pada,15.36344537815126,8.861344537815127,1.883420868347339,89.03571428571429,1011.9764705882353,Sri Pada,LK,South Asia,6.8096,80.4994,2163.0,LK,UTC,1054.5
lk_trincomalee,29.407212885154063,1.4638655462184875,6.211635154061624,68.67857142857143,1008.098494397759,Trincomalee,LK,South Asia,8.5874,81.2152,9.0,LK,UTC,174.20000000000002
lk_welimada,23.418942577030812,2.611764705882353,2.043970588235294,72.26155462184875,1010.7112044817927,Welimada,LK,South Asia,6.902,80.9223,1064.0,LK,UTC,310.8
mm_hakha,19.005882352941175,11.535294117647059,0.9990266106442578,89.74614845938375,1008.618662464986,Hakha,MM,Southeast Asia,22.6445,93.6108,1768.0,MM,UTC,1372.7
mm_kalaw,21.11918767507003,11.103361344537815,1.9068697478991596,89.7125350140056,1008.9418067226891,Kalaw,MM,Southeast Asia,20.6333,96.5667,1309.0,MM,UTC,1321.3
mm_mandalay,27.815336134453784,5.008403361344538,3.5906127450980394,79.41141456582633,1005.1718487394958,Mandalay,MM,Southeast Asia,21.9588,96.0891,76.0,MM,UTC,596.0
mm_taunggyi,20.2828431372549,5.942016806722689,1.8480777310924368,84.85084033613445,1009.0671918767507,Taunggyi,MM,Southeast Asia,20.7888,97.0337,1390.0,MM,UTC,707.1
mm_yangon,26.956022408963587,15.125210084033615,2.485112044817927,88.66386554621849,1007.4599089635855,Yangon,MM,Southeast Asia,16.8409,96.1735,7.0,MM,UTC,1799.9
my_cameron_highlands,20.265161064425772,9.500840336134454,0.8845903361344538,86.98704481792717,1013.0808823529412,Cameron Highlands,MY,Southeast Asia,4.47,101.376,1436.0,MY,UTC,1130.6
my_genting,16.834768907563024,5.531092436974791,1.1267577030812326,85.27626050420169,1011.5980742296919,Genting Highlands,MY,Southeast Asia,3.4239,101.7932,1745.0,MY,UTC,658.2
my_george_town,28.260294117647057,4.938655462184874,1.3393032212885154,80.80252100840336,1010.4210784313726,George Town,MY,Southeast Asia,5.4141,100.3288,6.0,MY,UTC,587.7
np_bharatpur,27.540721288515407,11.65294117647059,0.8752906162464986,83.03991596638656,1003.6807422969188,Bharatpur,NP,South Asia,27.6833,84.4333,213.0,NP,UTC,1386.7
np_biratnagar,28.033648459383752,8.442857142857143,2.7447268907563025,81.74929971988794,1002.4105392156863,Biratnagar,NP,South Asia,26.4525,87.2718,71.0,NP,UTC,1004.7
np_dhulikhel,21.48263305322129,13.687394957983193,0.937531512605042,87.31862745098039,1006.0655812324931,Dhulikhel,NP,South Asia,27.6221,85.5421,1490.0,NP,UTC,1628.8
np_dingboche,7.660889355742297,9.763865546218488,0.9670518207282913,89.18452380952381,1015.5846988795518,Dingboche,NP,South Asia,27.892,86.8314,4321.0,NP,UTC,1161.9
np_janakpur,28.991596638655462,6.3655462184873945,2.494814425770308,76.59348739495799,1002.2391106442577,Janakpur,NP,South Asia,26.7271,85.9407,74.0,NP,UTC,757.5
np_jomsom,15.181862745098039,15.389915966386555,0.9508963585434174,89.92366946778711,1011.146568627451,Jomsom,NP,South Asia,28.7806,83.7278,2751.0,NP,UTC,1831.4
np_kathmandu,22.29156162464986,14.412605042016805,0.9074264705882353,88.03501400560224,1006.8686274509804,Kathmandu,NP,South Asia,27.7172,85.324,1301.0,NP,UTC,1715.1
np_lukla,13.939110644257703,17.93781512605042,1.0087394957983193,89.10609243697479,1010.5259803921568,Lukla,NP,South Asia,27.6869,86.7297,2817.0,NP,UTC,2134.6
np_namche,11.346638655462185,9.763865546218488,0.9670518207282913,88.4639355742297,1015.5846988795518,Namche Bazaar,NP,South Asia,27.8053,86.714,3556.0,NP,UTC,1161.9
np_pokhara,23.5859593837535,26.11848739495798,0.9469572829131653,85.0171568627451,1007.460924369748,Pokhara,NP,South Asia,28.2096,83.9856,850.0,NP,UTC,3108.1
sg_singapore,27.41512605042017,6.2025210084033615,2.2997619047619047,82.98984593837534,1010.647093837535,Singapore,SG,Southeast Asia,1.3521,103.8198,46.0,SG,UTC,738.1
th_bangkok,28.972128851540617,4.294117647058823,2.7264950980392157,76.0640756302521,1007.9166666666666,Bangkok,TH,Southeast Asia,13.7563,100.5018,4.0,TH,UTC,511.0
th_chiang_mai,26.72373949579832,6.203361344537815,1.3352100840336134,82.6656162464986,1007.1269607843137,Chiang Mai,TH,Southeast Asia,18.7883,98.9853,313.0,TH,UTC,738.2
th_chiang_rai,26.548039215686273,11.191596638655462,1.4160294117647059,84.96953781512605,1006.8783963585435,Chiang Rai,TH,Southeast Asia,19.9105,99.8406,397.0,TH,UTC,1331.8
th_doi_inthanon,12.755217086834735,10.258823529411764,1.551813725490196,87.05112044817928,1008.9326330532214,Doi Inthanon,TH,Southeast Asia,18.5883,98.4867,2564.0,TH,UTC,1220.8
th_khao_kho,22.639705882352942,16.559663865546216,1.6172724089635855,91.06197478991596,1008.8876050420168,Khao Kho,TH,Southeast Asia,16.6346,100.995,908.0,TH,UTC,1970.6
th_mae_hong_son,26.168382352941176,9.684873949579831,1.5166071428571428,89.02275910364146,1008.5898809523809,Mae Hong Son,TH,Southeast Asia,19.302,97.9654,260.0,TH,UTC,1152.5
th_phuket,28.27531512605042,7.837815126050421,4.984285714285714,79.80077030812325,1010.180112044818,Phuket,TH,Southeast Asia,7.8804,98.3923,6.0,TH,UTC,932.7
vn_da_lat,19.855252100840335,7.947058823529412,2.3347829131652658,87.71603641456583,1012.1006652661065,Da Lat,VN,Southeast Asia,11.9404,108.4583,1507.0,VN,UTC,945.7
vn_da_nang,29.92549019607843,2.988235294117647,1.9794152661064426,75.63725490196079,1005.6375700280112,Da Nang,VN,Southeast Asia,16.0544,108.2022,6.0,VN,UTC,355.6
vn_fansipan,11.211134453781513,12.015126050420168,1.0056372549019608,85.7594537815126,1007.5149509803921,Fansipan,VN,Southeast Asia,22.3033,103.775,3102.0,VN,UTC,1429.8
vn_hanoi,28.932002801120447,10.431932773109244,1.9385504201680672,81.26890756302521,1003.4409313725491,Hanoi,VN,Southeast Asia,21.0278,105.8342,18.0,VN,UTC,1241.4
vn_sa_pa,21.562254901960785,12.015126050420168,1.0056372549019608,86.71638655462185,1007.5149509803921,Sa Pa,VN,Southeast Asia,22.3364,103.8438,1514.0,VN,UTC,1429.8
